92509606943502024
38916906900102024
17011406900132024
45307906476412023
15303107002412024
45307906938522024
76410006900342024
45016106919962024
45016106919962024
45016106919962024
45016106919962024
45016106919962024
45016106919962024
98798905900372024
98798905900372024
98798905900372024
38026305900212024
98798905900372024
98798905900372024
98798905900372024
98798905900372024
98798905900372024
38026305900212024
38026305900212024
98798905900372024
98798905900372024
98798905900372024
98798905900372024
98798905900372024
38026305900212024
38026305900212024
38026305900212024
10215005914522024
10215005914522024
98798905900372024
38026305900212024
38026305900212024
98798905900372024
98798905900372024
98798905900372024
98798905900372024
98798905900372024
38026305900212024
10215005901182024
09013305901222024
10215005914522024
10215005914522024
10215005914522024
10215005914522024
38026305900212024
38026305900212024
38026305900212024
38026305900212024
38026305900212024
38026305900212024
38026305900212024
38026305900212024
38026305900212024
38020005900162024
38020005900162024
38020005900162024
38020005900162024
38020005900162024
38020005900162024
38020005900162024
38020005900162024
38020005900162024
38020005900162024
38020005900162024
38020005900162024
38020005900162024
38020005900162024
38020005900162024
38020005900162024
38020005900162024
38020005900162024
38020005900162024
38020005900162024
38020005900162024
38020005900162024
38020005900162024
38020005900162024
38020005900162024
38020005900162024
38020005900162024
38020005900162024
38020005900162024
38020005900162024
38020005900162024
38020005900162024
38020005900162024
38020005900162024
38020005900162024
38026305900212024
38026305900212024
98798905900372024
98798905900372024
98798905900372024
98798905900372024
98798905900372024
98798905900372024
98798905900372024
98334506900362024
98798905900372024
98798905900372024
98798905900372024
98798905900372024
98798905900372024
98798905900372024
16041306900662024
98798905900372024
98798905900372024
98798905900372024
98798905900372024
12063600000102024
16041305900462024
16041305900462024
98798905900372024
98798905900372024
98798905900372024
98798905900372024
98798905900372024
18210106900262024
98798905900372024
98798905900372024
98798905900372024
98798905900372024
98798905900372024
98798905900372024
98798905900372024
98798905900372024
98798905900372024
98798905900372024
98798905900372024
18210106900212024
98798905900372024
98798905900372024
98798905900372024
98798905900372024
98798905900372024
98798905900372024
98798905900372024
98798905900372024
98798905900372024
98798905900372024
38026305900212024
38026305900212024
38020005900162024
38020005900162024
38020005900162024
38020005900162024
38020005900162024
38020005900162024
38020005900162024
38020005900162024
38020005900162024
38020005900162024
38020005900162024
38020005900162024
38020005900162024
38020005900162024
38020005900162024
38020005900162024
38020005900162024
38020005900162024
38020005900162024
38020005900162024
38020005900162024
38020005900162024
38020005900162024
38020005900162024
38020005900162024
38020005900162024
38020005900162024
38020005900162024
38020005900162024
38020005900162024
38020005900162024
38020005900162024
38020005900162024
38020005900162024
38020005900162024
38026305900212024
38026305900212024
38026305900212024
38026305900212024
38026305900212024
38026305900212024
38026305900212024
38026305900212024
38026305900212024
10215005914522024
10215005914522024
10215005914522024
10215005914522024
10215005914522024
10215005914522024
38026305900212024
38026305900212024
38026305900212024
15812305900012024
15812305900012024
15812305900012024
15812305900012024
15812305900012024
15812305900012024
15812305900012024
15812305900012024
15812305900012024
15812305900012024
10216807000272024
09013305901052024
09013305901052024
15813705906372024
92517507001352024
15813706003172024
15813706003172024
45452405900602024
12001405900082024
12001405900082024
12001405900082024
12001405900082024
15812106900612024
45695306900482024
45695306900482024
45695306900482024
45695306900482024
45695306900482024
45695306900482024
45695306900482024
45695306900512024
15838306900442023
45695306900532024
45695306900532024
10231506900732024
92727606900302024
12063600000102024
98754705900972024
98754705900972024
98754705900972024
10214305910112024
09013305901092024
16017505900332024
16017505900332024
16017505900332024
16017505900332024
16017505900332024
16017505900332024
38026305900212024
98769106901672024
98620505900792024
98620505900792024
98620505900792024
98620505900792024
98620505900792024
98620505900792024
98620505900792024
98620505900792024
98092106900812024
98092106900812024
10214305910082024
92621706900072024
92971807000242024
18015205900432024
15405105900712024
15405105900712024
15405105900712024
15405105900712024
15405105900712024
15405105900712024
15405105900712024
15405105900712024
15405105900712024
15405105900712024
15405105900712024
15405105900712024
15405105900712024
15405105900712024
15405105900712024
15405105900712024
15405105900712024
15405105900712024
15405105900712024
15405105900712024
15405105900712024
15405105900712024
15405105900712024
15405105900712024
15303507001062024
15303507001062024
15303507001062024
38023906900052024
98741705900592024
98741705900592024
98741705900592024
98741705900592024
98741705900592024
98741705900592024
98741705900592024
98741705900592024
98798905900372024
98798905900372024
98798905900372024
98798905900372024
98798905900372024
38026305900212024
38026305900212024
98798905900372024
98798905900372024
98798905900372024
98798905900372024
98798905900372024
98798905900372024
98798905900372024
98798905900372024
38026305900212024
38026305900212024
98798905900372024
98798905900372024
98798905900372024
98798905900372024
98798905900372024
98798905900372024
98798905900372024
98798905900372024
38026305900212024
38026305900212024
38026305900212024
98798905900372024
98798905900372024
98798905900372024
98798905900372024
98798905900372024
98798905900372024
38026305900212024
38026305900212024
98798905900372024
98798905900372024
98798905900372024
98798905900372024
98798905900372024
38026305900212024
10215005901182024
09013305901222024
09013305901222024
38026305900212024
38026305900212024
98798905900372024
98798905900372024
98798905900372024
98798905900372024
98798905900372024
98798905900372024
98798905900372024
38026305900212024
38026305900212024
38026305900212024
98798905900372024
98798905900372024
98798905900372024
98798905900372024
98798905900372024
98798905900372024
98798905900372024
98798905900372024
98798905900372024
98798905900372024
98798905900372024
98798905900372024
10215005914522024
10215005914522024
10215005914522024
10215005914522024
98798905900372024
98798905900372024
98798905900372024
98798905900372024
98798905900372024
98798905900372024
98798905900372024
98798905900372024
98798905900372024
98798905900372024
98798905900372024
98798905900372024
98798905900372024
98798905900372024
98798905900372024
15512605900462024
15512605900462024
15512605900462024
15512605900462024
15512605900462024
15512605900462024
15512605900462024
38916906900192024
92686406000302024
15512605900462024
15512605900462024
15512605900462024
98741705900592024
98741705900592024
98741705900592024
98741705900592024
98741705900592024
98741705900592024
98741705900592024
98741705900592024
98741705900592024
98741705900592024
98741705900592024
98741705900592024
98741705900592024
98741705900592024
98741705900592024
98741705900592024
98741705900592024
98741705900592024
98741705900592024
98741705900592024
98741705900592024
98741705900592024
98741705900592024
98741705900592024
98741705900592024
98741705900592024
98741705900592024
98741705900592024
98741705900592024
98741705900592024
98741705900592024
98741705900592024
98741705900592024
98741705900592024
98328903900022024
09013305901212024
15814106004512025
98549905900782024
98549905900782024
11320406900442024
10231906900222024
98549905900782024
98549905900782024
98549905900782024
98549905900782024
98549905900782024
98549905900782024
98940306001362024
98668105900932024
12063607000322024
92681606900082024
98798905900372024
98798905900372024
98798905900372024
98798905900372024
98798905900372024
98798905900372024
98798905900372024
98798905900372024
98798905900372024
98798905900372024
98798905900372024
98798905900372024
98798905900372024
98798905900372024
98798905900372024
98798905900372024
98798905900372024
09015905901392024
09015905901392024
09015905901392024
09015905901392024
09015905901392024
98798905900372024
98798905900372024
98798905900372024
98798905900372024
98798905900372024
98798905900372024
98798905900372024
98798905900372024
98798905900372024
98798905900372024
98798905900372024
98798905900372024
98798905900372024
98798905900372024
98798905900372024
98798905900372024
98798905900372024
98198106002742024
98198106002742024
98198106002742024
98198106002742024
98198106002742024
98198106002742024
98198106002742024
98198106002742024
98798905900372024
98798905900372024
15512605900462024
15512605900462024
15512605900462024
15512605900462024
15512605900462024
15512605900462024
15512605900462024
15512605900462024
15512605900462024
15512605900462024
15512605900462024
38916906900152024
38916906900152024
38916906900152024
38916906900152024
15512605900462024
15512605900462024
15512605900462024
15512605900462024
15512605900462024
15512605900462024
15512605900462024
15512605900462024
15512605900462024
15512605900462024
15512605900462024
15512605900462024
15512605900462024
38916906900172024
15316406006042024
92664105900802024
16001205900112024
16001205900112024
92664105900802024
92664105900802024
92664105900802024
92664105900802024
92664105900802024
92664105900802024
92664105900802024
92664105900802024
92664105900802024
92664105900802024
92664105900802024
92664105900802024
92664105900802024
92664105900802024
92664105900802024
92664105900802024
92664105900802024
92664105900802024
92664105900802024
92664105900802024
92664105900802024
92664105900802024
92664105900802024
92664105900802024
92664105900802024
92664105900802024
92664105900802024
92664105900802024
92664105900802024
92664105900802024
92664105900802024
92664105900802024
92664105900802024
16029805900242024
16029805900242024
15512605900202024
15512605900202024
15512605900202024
15512605900202024
15512605900202024
15512605900202024
15512605900202024
15512605900202024
15512605900202024
15512605900202024
15512605900202024
15512605900202024
15512605900202024
15512605900202024
15512605900202024
15512605900202024
15512605900202024
15512605900202024
12001400000052024
92664105900802024
92664105900802024
15512605900202024
15512605900202024
15512605900202024
15512605900202024
01000107000932024
15512605900202024
15512605900202024
15512605900202024
15512605900202024
15512605900202024
15512605900202024
93072105900182024
12001405900082024
12001405900082024
92987406900012023
12063105900932024
12063105900932024
12063105900932024
12063105900932024
12063105900932024
12063600000102024
25700506900082024
25700506900082024
25700506900082024
25700506900082024
25700506900082024
25700506900082024
25700506900082024
25700506900082024
25700506900082024
25700506900082024
25700506900082024
25700506900082024
25700506900082024
25700506900082024
25700506900082024
25700506900082024
25700506900082024
25700506900082024
25700506900082024
25700506900082024
25700506900082024
12063105900932024
25700506900082024
15501405900042024
15501405900042024
15501405900042024
15501405900042024
15501405900042024
15501405900042024
15501405900042024
15501405900042024
15501405900042024
15501405900042024
15501405900042024
15501405900042024
15501405900042024
15501405900042024
15501405900042024
15501405900042024
15501405900042024
15501405900042024
15501405900042024
15501405900042024
15501405900042024
15501405900042024
15501405900042024
15501405900042024
15501405900042024
15501405900042024
15501405900042024
15501405900042024
15501405900042024
15501405900042024
15501405900042024
15501405900042024
15501405900042024
15501405900042024
15501405900042024
15501405900042024
15501405900042024
15501405900042024
15501405900042024
15501405900042024
15316506901662024
12063105901042024
12063105901042024
12063105901042024
12063105901042024
12063105901042024
12063105901042024
12063105901042024
12063105901042024
12063105901042024
12063105901042024
12063105901042024
12063105901042024
12063105901042024
12063105901042024
16036006000252024
12001407000312024
98745303900062024
76570006000282024
15316506901692024
12001405900082024
12001405900082024
09013305901232024
09013305901232024
12001405900082024
10211707000662024
12001405900082024
12001405900082024
12001405900082024
12001405900082024
12001405900082024
98621906936012024
98621906936012024
12001405900082024
45016106009692024
15316506901612024
15316506901612024
25444505902252024
12001405900082024
25444505902252024
25444505902252024
25444505902252024
25444505902252024
25444505902252024
25444505902252024
25444505902252024
25444505902252024
25444505902252024
25444505902252024
25444505902252024
25444505902252024
25444505902252024
25444505902252024
25444505902252024
25444505902252024
25444505902252024
25444505902252024
25444505902252024
25444505902252024
12001405900082024
12001405900082024
98621905935152024
12001405900082024
12063607000342024
12001405900082024
25444505902432024
25444505902432024
25444505902432024
25444505902432024
25444505902432024
25444505902432024
25444505902432024
25444505902432024
12001405900082024
12001405900082024
92515305900432024
92515305900432024
12001405900082024
12001405900082024
12001405900082024
12001405900082024
38917406900232024
12001405900082024
98570305901142024
98570305901142024
98570305901142024
98570305901142024
98570305901142024
98570305901142024
98570305901142024
98570305901142024
98570305901142024
98570305901142024
12001405900082024
12001405900082024
12001405900082024
12001405900082024
12001405900082024
09010205900182024
09010205900182024
09010205900182024
09010205900182024
09010205900182024
09010205900182024
12001405900082024
12001405900082024
03020307001352024
12001405900082024
12001405900082024
98542705900322024
98542705900322024
12001405900082024
12001405900082024
12001405900082024
12001405900082024
12001405900082024
98542705900292024
98542705900292024
98542705900292024
98542705900292024
98542705900292024
98542705900292024
98542705900292024
98542705900292024
98542705900292024
98542705900292024
38923105900142024
98570305901142024
98570305901142024
98570305901142024
98570305901142024
12001405900082024
38917406900232024
12001405900082024
12001405900082024
12001405900082024
12001405900082024
92515305900432024
92515305900432024
12001405900082024
12001405900082024
25444505902432024
25444505902432024
25444505902432024
25444505902432024
25444505902432024
25444505902432024
25444505902432024
25444505902432024
12001405900082024
12063607000342024
12001405900082024
98621905935152024
12001405900082024
12001405900082024
25444505902252024
25444505902252024
25444505902252024
25444505902252024
25444505902252024
25444505902252024
25444505902252024
25444505902252024
25444505902252024
25444505902252024
25444505902252024
25444505902252024
25444505902252024
25444505902252024
25444505902252024
25444505902252024
25444505902252024
25444505902252024
25444505902252024
25444505902252024
12001405900082024
25444505902252024
15316506901612024
15316506901612024
45016106009692024
12001405900082024
98621906936012024
98621906936012024
12001405900082024
12001405900082024
12001405900082024
12001405900082024
12001405900082024
10211707000662024
12001405900082024
09013305901232024
09013305901232024
12001405900082024
12001405900082024
15316506901692024
76570006000282024
98745303900062024
12001407000312024
16036006000252024
12063105901042024
12063105901042024
12063105901042024
12063105901042024
12063105901042024
12063105901042024
12063105901042024
12063105901042024
12063105901042024
12063105901042024
12063105901042024
12063105901042024
12063105901042024
12063105901042024
15316506901662024
15501405900042024
15501405900042024
15501405900042024
15501405900042024
15501405900042024
15501405900042024
15501405900042024
15501405900042024
15501405900042024
15501405900042024
15501405900042024
15501405900042024
15501405900042024
98742705901102024
98742705901102024
98742705901102024
38933605900052024
38011806000102024
92545907001522024
92933405901792024
16049206902772024
16049206902772024
16049206902772024
16049206902772024
16049206902772024
16049206902772024
16049206902772024
16049206902772024
16049206902772024
16019905900212024
26210106000212024
15305207003822024
92676906903322024
15280107900082023
76710006900202024
76710006900202024
25010506900362024
92801007000402024
18018307000072024
16019905900212024
16019905900212024
16019905900212024
16019905900212024
24000306001132024
16019905900212024
16019905900212024
16019905900212024
39302106000092024
98378105901002024
92987406900022023
45016106919962024
16019905900212024
45016106919962024
45016106919962024
45016106919962024
45016106919962024
45016106919962024
12019505901612024
15815207900372023
25443105900012024
25443105900012024
25443105900012024
25443105900012024
25443105900012024
25443105900012024
25443105900012024
25443105900012024
25443105900012024
25443105900012024
25443105900012024
16019905900212024
16019905900212024
25443105900012024
25443105900012024
16019905900212024
98378105900992024
25443105900012024
25443105900012024
25443105900012024
25443105900012024
25443105900012024
25443105900012024
25443105900012024
25443105900012024
25443105900012024
25443105900012024
25443105900012024
25443105900012024
25443105900012024
25443105900012024
25443105900012024
25443105900012024
25443105900012024
25443105900012024
25443105900012024
25443105900012024
25443105900012024
25443105900012024
25443105900012024
25443105900012024
25443105900012024
25443105900012024
25443105900012024
25443105900012024
25443105900012024
25443105900012024
25443105900012024
25443105900012024
25443105900012024
25443105900012024
25443105900012024
25443105900012024
25443105900012024
12001405900082024
12001405900082024
12001405900082024
98570305901142024
98570305901142024
98570305901142024
98570305901142024
12001405900082024
12001405900082024
12001405900082024
12001405900082024
12001405900082024
92574306000172024
92574306000172024
92574905900102024
12001405900082024
12001405900082024
12001405900082024
10232106900562024
16033905900312024
16033905900312024
16033905900312024
16033905900312024
16033905900312024
16033905900312024
16033905900312024
16033905900312024
16033905900312024
16033905900312024
16033905900312024
98542705900422024
98542705900422024
98542705900422024
98542705900422024
98542705900422024
98542705900422024
98542705900422024
98542705900422024
98542705900422024
98542705900422024
98542705900422024
98542705900422024
98542705900322024
98542705900322024
12001405900082024
98542705900292024
12001405900082024
12001405900082024
12001405900082024
12001405900082024
12001405900082024
12001405900082024
45016106009672024
45016106009672024
45016106009672024
45016106009672024
45016106009672024
12001405900082024
12001405900082024
18015805900672024
18015805900672024
12001405900082024
12001405900082024
16033905900312024
12001405900082024
12001405900082024
12001405900082024
12001405900082024
12001405900082024
12001405900082024
12001405900082024
15305205900192024
15305205900192024
15305205900192024
15305205900192024
15305205900192024
15305205900192024
12001405900082024
12001405900082024
12001405900082024
12001405900082024
12001405900082024
12001405900082024
53000105900122024
53000105900122024
53000105900122024
53000105900122024
53000105900122024
53000105900122024
53000105900122024
53000105900122024
53000105900122024
53000105900122024
53000105900122024
53000105900122024
53000105900122024
53000105900122024
53000105900122024
98629105901732024
98629105901732024
98629105901732024
98629105901732024
98629105901732024
98629105901732024
98629105901732024
98629105901732024
98629105901732024
98629105901732024
98629105901732024
98629105901732024
98629105901732024
98629105901732024
98629105901732024
98629105901732024
12001405900082024
09018307000762024
09018307000762024
09018307000762024
12001400000052024
15501505900182024
15501505900182024
53000105900122024
93019706900262024
93019706900262024
12001400000052024
93019706900262024
93019706900262024
93019706900262024
93019706900262024
93032405901072024
93032405901072024
93032405901072024
93032405901072024
93032405901072024
15814106001392024
15501505900182024
15501505900182024
98760705900932024
09011305901242024
38014706000272024
15812407010642024
98760705900912024
93032405901072024
15501505900182024
10215005902032024
92572907000102024
92572907000102024
38022206990252024
98793705900412024
93032405901072024
18036205900252024
18036205900252024
18036205900252024
92512006003462024
92512006003462024
98793705900412024
12063600000102024
15813706003002024
16003006900752024
16003006900752024
15800906002522024
15317707000582024
15317707000582024
09019105900062024
09019105900062024
09019105900062024
09019105900062024
09019105900062024
09019105900062024
09019105900062024
09019105900062024
09019105900062024
09019105900062024
09019105900062024
09019105900062024
09019105900062024
15812206900882024
15024705900812024
15024705900812024
15024705900812024
15024705900812024
15024705900812024
15024705900812024
15024705900812024
15024705900812024
15024705900812024
15024705900812024
15024705900812024
15024705900812024
92930705900152024
92930705900152024
92930705900152024
92930705900152024
12001407000322024
15888306000312024
92561906900232024
16036506900912024
16036506900912024
16036506900912024
92656206900272024
25443105900012024
25443105900012024
25443105900012024
25443105900012024
18034105900282024
16019905900212024
16019905900212024
16019905900212024
18020905900112024
18020905900112024
18020905900112024
18020905900112024
18020905900112024
18020905900112024
18020905900112024
18020905900112024
18020905900112024
18020905900112024
18020905900112024
18020905900112024
18020905900112024
18020905900112024
18020905900112024
18020905900112024
18020905900112024
18020905900112024
18020905900112024
18020905900112024
18020905900112024
16019905900212024
16008506900092024
15307906904702024
15307906904702024
16019905900212024
16019905900212024
12019505901302024
12019505901302024
12019505901302024
12019505901302024
12019505901302024
12019505901302024
12019505901302024
25443105900012024
25443105900012024
92988106000042024
10213606900362024
16035706901112024
16035706901112024
78136006000042025
92577207000152024
12019505900812024
16011807000212024
45016106008952024
45016106008952024
16031706900102024
26220605901362024
26220605901362024
26220605901362024
26220605901362024
26220605901362024
26220605901362024
26220605901362024
26220605901362024
26220605901362024
26220605901362024
26220605901362024
26220605901362024
26220605901362024
26220605901362024
26220605901362024
26220605901362024
26220605901362024
26220605901362024
26220605901362024
17303907000392024
16014906900542024
93104105900162024
93104105900162024
93104105900162024
93104105900162024
93104105900162024
93104105900162024
93104105900162024
93104105900162024
93104105900162024
93104105900162024
93104105900162024
93104105900162024
93104105900162024
93104105900162024
93104105900162024
93104105900162024
93104105900162024
93104105900162024
93104105900162024
93104105900162024
93104105900162024
93104105900162024
93104105900162024
93104105900162024
25443105900012024
25443105900012024
25443105900012024
25443105900012024
25443105900012024
25443105900012024
25443105900012024
25443105900012024
25443105900012024
25443105900012024
25443105900012024
25443105900012024
25443105900012024
25443105900012024
25443105900012024
25443105900012024
25443105900012024
25443105900012024
25443105900012024
25443105900012024
25443105900012024
25443105900012024
25443105900012024
25443105900012024
25443105900012024
25443105900012024
25443105900012024
25443105900012024
25443105900012024
25443105900012024
25443105900012024
25443105900012024
25443105900012024
25443105900012024
25443105900012024
25443105900012024
25443105900012024
25443105900012024
25443105900012024
25443105900012024
25443105900012024
25443105900012024
25443105900012024
25443105900012024
25443105900012024
25443105900012024
25443105900012024
25443105900012024
25443105900012024
25443105900012024
25443105900012024
25443105900012024
25443105900012024
25443105900012024
25443105900012024
25443105900012024
25443105900012024
25443105900012024
25443105900012024
25443105900012024
25443105900012024
25443105900012024
25443105900012024
25443105900012024
25443105900012024
25443105900012024
25443105900012024
25443105900012024
25443105900012024
25443105900012024
25443105900012024
25443105900012024
25443105900012024
25443105900012024
25443105900012024
25443105900012024
25443105900012024
25443105900012024
25443105900012024
25443105900012024
25443105900012024
25443105900012024
25443105900012024
25443105900012024
25443105900012024
25443105900012024
25443105900012024
25443105900012024
25443105900012024
25443105900012024
25443105900012024
25443105900012024
25443105900012024
25443105900012024
25443105900012024
25443105900012024
25443105900012024
25443105900012024
25443105900012024
25443105900012024
16019905900212024
16019905900212024
16019905900212024
98834303901592024
10240106000182024
98378105900982024
45006806000842024
92512005903722024
92512005903722024
92512005903722024
16019905900212024
16019905900212024
16019905900212024
16019905900212024
45016106009702024
92933405901792024
92933405901792024
92933405901792024
19500506000612024
19500506000612024
12001407000332024
16019905900212024
16019905900212024
16019905900212024
92512005903182024
92512005903182024
16019905900212024
16019905900212024
16019905900212024
16019905900212024
16019905900212024
16019905900212024
92667906900192024
18015805900672024
16019905900232024
13502806900192024
13502806900192024
13502806900192024
13502806900192024
13502806900192024
12063607000352024
16019905900232024
16019905900232024
16019905900232024
16019905900232024
16019905900232024
16019206901012024
16019206901012024
16019206901012024
16035706901062024
16035706901062024
16035706901062024
92512005903182024
92512005903182024
92952406900162024
45374705900192024
39010505900082024
39010505900082024
39010505900082024
39302107000082024
92512005903182024
92512005903182024
92656206900272024
16036506900912024
16036506900912024
16036506900912024
92561906900232024
15888306000312024
12001407000322024
92930705900152024
92930705900152024
92930705900152024
92930705900152024
15024705900812024
15024705900812024
15024705900812024
15024705900812024
15024705900812024
15024705900812024
15024705900812024
15024705900812024
15024705900812024
15024705900812024
15024705900812024
15024705900812024
15812206900882024
09019105900062024
09019105900062024
09019105900062024
09019105900062024
09019105900062024
09019105900062024
09019105900062024
09019105900062024
09019105900062024
09019105900062024
09019105900062024
09019105900062024
09019105900062024
15317707000582024
19500605900452024
19500605900452024
19500605900452024
19500605900452024
19500605900452024
19500605900222024
19500605900222024
98570305901082024
15814105900252024
15814105900252024
17908306901302024
17908306901302024
17908306901302024
92704506000562024
92704506000562024
19500605900452024
19500605900452024
19500605900452024
92561906900212024
09018105902242024
17908707001142024
16017506900232024
15303205900512024
15303205900512024
15303205900512024
15303205900512024
15303205900512024
19500605900452024
19500605900452024
15303205900512024
09012505900182024
09012505900182024
09012505900182024
09012505900182024
09012505900182024
15303205900512024
15303205900512024
15303205900512024
09018307000752024
76570106000252024
15303205900512024
15303205900512024
15303205900512024
15303205900512024
15303205900512024
15303205900512024
15189506900172024
17039400000052025
15303205900512024
20012606900082024
38023106900192024
98692105900262024
98692105900262024
98692105900262024
98692105900262024
98692105900262024
98692105900262024
98692105900262024
98692105900262024
98692105900262024
98692105900262024
98692105900262024
98692105900262024
98692105900262024
98692105900262024
98692105900262024
98692105900262024
98692105900262024
98692105900262024
98692105900262024
98692105900262024
98692105900262024
98692105900262024
98692105900262024
98692105900262024
98692105900262024
98692105900262024
98692105900262024
98692105900262024
98692105900262024
98692105900262024
98692105900262024
98692105900262024
98692105900262024
15403907002572024
98692105900262024
98692105900262024
98692105900262024
98692105900262024
98692105900262024
98692105900262024
98692105900262024
98692105900262024
98692105900262024
98692105900262024
98692105900262024
98600103902162024
45016106009712024
45016106009712024
45016106009712024
93104105900162024
93104105900162024
93104105900162024
93104105900162024
93104105900162024
93104105900162024
93104105900162024
93104105900162024
93104105900162024
93104105900162024
93104105900162024
93104105900162024
93104105900162024
93104105900162024
93104105900162024
93104105900162024
93104105900162024
93104105900162024
93104105900162024
93104105900162024
92801007000412024
10211006900402024
92804005900392024
92804005900392024
92804005900392024
92804005900392024
26220605901362024
26220605901362024
12066906900052024
12066906900052024
45323005904772024
45323005904772024
45323005904772024
45323005904772024
45323005904772024
45323005904772024
45323005904772024
45323005904772024
45323005904772024
45323005904772024
45323005904772024
45323005904772024
45323005904772024
45323005904772024
15309506901212024
12066906900052024
15309006901332024
15309006901332024
15309006901332024
12066906900052024
15309006901332024
98748905901212024
10230306900472024
98780505901022024
98780505901022024
98780505901022024
98780505901022024
98537307000132024
92804005900392024
92804005900392024
92804005900392024
92804005900392024
92804005900392024
92804005900392024
92804005900392024
92741306900152024
11321406900202024
92704506000572024
92704506000572024
92704506000572024
92704506000572024
92704506000572024
92704506000572024
92704506000572024
92704506000572024
92704506000572024
92704506000572024
16016107000382024
15590706900172024
16003005900082024
16003005900082024
16003005900082024
16003005900082024
16003005900082024
16003005900082024
16003005900082024
16003005900082024
16003005900082024
16003005900082024
16003005900082024
38025805900152024
38025805900152024
38025805900152024
38025805900152024
38025805900152024
38025805900152024
38025805900152024
38025805900152024
38025805900152024
38025805900152024
38014105900112024
98799303900102024
98799303900102024
46240605900062024
25005905901002024
25005905901002024
25005905901002024
25005905901002024
25005905901002024
25005905901002024
25005905901002024
25005905901002024
25005905901002024
25005905901002024
25005905901002024
25005905901002024
25005206900452023
15303107002292024
25005905901002024
25005905901002024
15833905900062024
72030506900612024
72030506900622024
15833905900062024
15833905900062024
92756005900062024
72030506900852024
92796905900192024
92796905900192024
92662903900032024
92776106901662024
17039407000492024
46240605900082024
15833905900062024
15833905900062024
09018105902342024
15307906004562024
15404007005852024
08029306900142024
98799305900282024
38026005900102024
15849306900072023
15849306900072023
15849306900072023
15849306900072023
15849306900072023
98782305900992024
98782305900992024
10233106901092024
09220105902362024
18010706000182024
98782305900992024
98782305900992024
98782305900992024
13501706900222024
13501706900222024
76570306000042025
93123206001552024
93045606000772024
18010105900062024
99015706000082024
92505407012282024
53210105903812024
15404406000552024
17010006000392024
44304807000072024
92808206900092024
25501507000022024
18035405900062024
18035405900062024
18035405900062024
18035405900062024
18035405900062024
18035405900062024
18035405900062024
18035405900062024
18035405900062024
18035405900062024
18035405900062024
18035405900062024
18035405900062024
18035405900062024
18035405900062024
18035405900062024
18035405900062024
18035405900062024
18035405900062024
18035405900062024
18035405900062024
18035405900062024
18035405900062024
18035405900062024
18035405900062024
18035405900062024
18035405900062024
18035405900062024
18035405900062024
15303707000932024
18035405900062024
18035405900062024
38025805900152024
38025805900152024
12064107000342024
12064107000342024
12064107000342024
12064107000342024
12064107000342024
12064107000342024
12064107000342024
12064107000342024
12064107000342024
12064107000342024
12064107000342024
15309006901332024
16003005900082024
16003005900082024
16003005900082024
16003005900082024
16003005900082024
16003005900082024
16003005900082024
16003005900082024
16003005900082024
16003005900082024
16003005900082024
16003005900082024
16003005900082024
16003005900082024
16003005900082024
16003005900082024
16003005900082024
16003005900082024
16003005900082024
16003005900082024
16003005900082024
16003005900082024
16003005900082024
16003005900082024
98600105907802024
98397305900322024
98397305900322024
98397305900322024
98397305900322024
98397305900322024
15814606000752024
99019205900292024
99019205900292024
16005205900042024
16005205900042024
16005205900042024
16005205900042024
16005205900042024
16003005900082024
98397306900102024
16003005900082024
16003005900082024
16003005900082024
16003005900082024
16003005900082024
16003005900082024
16003005900082024
16003005900082024
16003005900082024
16003005900082024
16003005900082024
16003005900082024
16003005900082024
16003005900082024
16003005900082024
16003005900082024
16003005900082024
16003005900082024
16003005900082024
16003005900082024
16003005900082024
16003005900082024
98782305900992024
18035405900062024
18035405900062024
18035405900062024
98782305900992024
98782305900992024
18010706000182024
09220105902362024
10233106901092024
98782305900992024
98782305900992024
15849306900072023
15849306900072023
15849306900072023
15849306900072023
15849306900072023
38026005900102024
98799305900282024
08029306900142024
15404007005852024
15307906004562024
09018105902342024
15833905900062024
15833905900062024
98378105901032024
98378105901032024
98378105901032024
98378105901032024
98378105901032024
98378105901032024
98378105901032024
98378105901032024
98378105901032024
98378105901032024
98378105901032024
98378105901032024
98378105901032024
98378105901032024
98378105901032024
98378105901032024
98378105901032024
98378105901032024
98378105901032024
98378105901032024
98378105901032024
98378105901032024
98378105901032024
98378105901032024
98378105901032024
98378105901032024
98378105901032024
98378105901032024
98378105901032024
38945407000382024
16044307000252024
99014405900442024
15404906000122025
92573407000062025
16009805000372023
16009805000372023
16022705900142024
16022705900142024
16022705900142024
16022705900142024
16009805000372023
16009805000372023
16009805000372023
16009805000372023
16009805000372023
16009805000372023
92868405900272024
92868405900272024
92868405900272024
92868405900272024
92868405900272024
92868405900272024
16022705900142024
16022705900142024
16022705900142024
16022705900142024
16022705900142024
16022705900142024
16022705900142024
16022705900142024
16022705900142024
16022705900142024
16022705900142024
16022705900142024
16022705900142024
16022705900142024
16022705900142024
16009805000372023
16009805000372023
16009805000372023
16009805000372023
16009805000372023
16009805000372023
16009805000372023
16009805000372023
19500605900222024
19500605900222024
19500605900222024
19500605900222024
19500605900222024
19500605900222024
19500605900222024
19500605900222024
92698205900132024
92698205900132024
92698205900132024
92698205900132024
98591107000532024
92512907005512024
15317806001062024
19500605900452024
19500605900452024
19500605900452024
19500605900452024
19500605900452024
19500605900452024
19500605900452024
19500605900452024
19500605900452024
19500605900452024
19500605900222024
19500605900222024
19500605900452024
19500605900452024
19500605900452024
19500605900452024
19500605900452024
19500605900452024
19500605900452024
19500605900452024
19500605900452024
19500605900452024
19500605900452024
19500605900452024
19500605900452024
19500605900452024
19500605900452024
15317806001062024
92512907005512024
98591107000532024
92698205900132024
92698205900132024
92698205900132024
92698205900132024
19500605900222024
19500605900222024
19500605900222024
19500605900222024
19500605900222024
19500605900222024
19500605900222024
19500605900222024
16009805000372023
16009805000372023
16009805000372023
16009805000372023
16009805000372023
16009805000372023
16009805000372023
16009805000372023
16022705900142024
16022705900142024
16022705900142024
16022705900142024
16022705900142024
16022705900142024
16022705900142024
16022705900142024
16022705900142024
16022705900142024
16022705900142024
16022705900142024
16022705900142024
16022705900142024
16022705900142024
92868405900272024
92868405900272024
92868405900272024
92868405900272024
92868405900272024
92868405900272024
16009805000372023
16009805000372023
16009805000372023
16009805000372023
16009805000372023
16009805000372023
16022705900142024
16022705900142024
16022705900142024
16022705900142024
16009805000372023
16009805000372023
92573407000062025
15404906000122025
99014405900442024
16044307000252024
38945407000382024
98378105901032024
98378105901032024
98378105901032024
98378105901032024
98378105901032024
98378105901032024
98378105901032024
98378105901032024
98378105901032024
98378105901032024
98378105901032024
98378105901032024
98378105901032024
98378105901032024
98378105901032024
98378105901032024
98378105901032024
98378105901032024
98378105901032024
98378105901032024
98378105901032024
98378105901032024
15809205000492023
15809205000492023
15809205000492023
15809205000492023
15809205000492023
15809205000492023
15809205000492023
15809205000492023
15809205000492023
15809205000492023
15809205000492023
15809205000492023
15809205000492023
15809205000492023
15809205000492023
15809205000492023
15809205000492023
15809205000492023
15809205000492023
15809205000492023
15809205000492023
15809205000492023
15809205000492023
15809205000492023
15809205000492023
15809205000492023
15809205000492023
15809205000492023
15809205000492023
15809205000492023
15809205000492023
15809205000492023
15809205000492023
15809205000492023
15809205000492023
15809205000492023
15809205000492023
15809205000492023
15809205000492023
15809205000492023
15809205000492023
15809205000492023
15809205000492023
15809205000492023
38014505900482024
98435905900062024
98585307002172024
38014505900482024
92686406900032023
38014505900482024
38014505900482024
38014505900482024
92772105900102024
92772105900102024
92772105900102024
92772105900102024
92772105900102024
92505407012302024
38014505900482024
98585307002182024
98600105908862024
98600105908862024
98600105908862024
98600105908862024
98600105908862024
98600105908862024
98600105908862024
98600105908862024
98600105908862024
38014505900482024
98600105908862024
98600105908862024
98600105908862024
98600105908862024
98600105908862024
98600105908862024
98600105908862024
98600105908862024
98600105908862024
98600105908862024
98940305900622024
98600105908862024
98600105908862024
98600105908862024
98600105908862024
98600105908862024
98600105908862024
98600105908862024
98600105908862024
98600105908862024
98600105908862024
38014505900482024
92772105900102024
92772105900102024
92772105900102024
98600105908862024
98600105908862024
98600105908862024
98600105908862024
98600105908862024
18035405900062024
18035405900062024
18035405900062024
18035405900062024
18035405900062024
18035405900062024
18035405900062024
18035405900062024
18035405900062024
18035405900062024
18035405900062024
18035405900062024
18035405900062024
18035405900062024
18035405900062024
92539807000832024
98600106909732024
92978906000422024
92978906000422024
15306307010632024
25448806900272024
92573405900352024
25443106000062024
92949306900032024
92949306900032024
24010605901402024
24010605901402024
24010605901402024
18035405900062024
24010605901402024
92628607000462024
15281506900032023
38918905900042024
92505407012292024
10213005900052024
10213005900052024
10213005900052024
92923807000072024
92670305900962024
92670305900962024
92670305900962024
92670305900962024
24010806902122024
15591305901112024
15591305901112024
72100006901382024
72100006901382024
72100006901382024
15591305901112024
99006206900012024
99006206900012024
92506205900212024
92506205900212024
92506205900212024
92506205900182024
99006206900012024
99006206900012024
99006206900012024
99006206900012024
99006206900012024
99006206900012024
92670305900962024
92670305900962024
99006206900012024
99006206900012024
99006206900012024
99006206900012024
15404705900472024
15404705900472024
15404705900472024
15404705900472024
15404705900472024
15404705900472024
15404705900472024
15404705900472024
38908707002972024
15591305900812024
15591305900812024
92717600000392024
92717600000392024
15591305900812024
92766206000192024
92766206000192024
92766206000192024
92766206000192024
92766206000192024
92766206000192024
92766206000192024
92766206000192024
92766206000192024
92766206000192024
92766206000192024
15591305900812024
15591305900812024
15591305900812024
15591305900812024
92653807000192024
15591305900812024
15591305900812024
15591305900812024
38026705900182024
38026705900182024
38026705900182024
38026705900182024
38026705900182024
38026705900182024
38026705900182024
38026705900182024
38026705900182024
38026705900182024
38026705900182024
38026705900182024
38026705900182024
38026705900182024
38026705900182024
38014505900482024
92684107002122024
25005206900352024
25005206900352024
25005206900352024
25005206900352024
12019500000162024
12019500000162024
25000506006112024
25000506006112024
25000506006112024
25000506006112024
25000506006112024
20032600901082023
20032600901082023
20032600901082023
20032600901082023
25444605900872024
25444605900872024
25005205910902024
25005205910902024
25005205910902024
25005205910902024
25005205910902024
12019500000162024
25005205910902024
25005205910902024
25005205910902024
25005205910902024
25005205910902024
25005205910902024
25005205910902024
25005205910902024
03020307001382024
20032600901082023
20032600901082023
20032600901082023
98647505900442024
98647505900442024
98647505900442024
98647505900442024
98647505900442024
98647505900442024
98647505900442024
98647505900442024
98647505900442024
98647505900442024
98647505900442024
98647505900442024
98647505900442024
98647505900442024
98647505900442024
98647505900442024
98647505900442024
98647505900442024
98647505900442024
98647505900442024
98647505900442024
98647505900442024
98647505900442024
98647505900442024
98647505900442024
98647505900442024
98647505900442024
11000106900422024
12019500000162024
15316706002222024
18015805900672024
18015805900672024
18015805900672024
18015805900672024
98629107002742024
25444605900872024
18015805900672024
18015805900672024
18015805900672024
18015805900672024
92676905902102024
92676905902102024
92849605900212024
92849605900212024
25444506004482024
25444506004482024
37330106904712024
98788505900932024
98600105908862024
98600105908862024
98600105908862024
98600105908862024
98600105908862024
78136007000052025
38014505900482024
98600105908862024
98600105908862024
98600105908862024
98600105908862024
98600105908862024
98600105908862024
98600105908862024
98600105908862024
98600105908862024
98600105908862024
98600105908862024
09020105900262024
09020105900262024
09020105900262024
09020105900262024
09020105900262024
09020105900262024
09020105900262024
38919407000052024
98600105908862024
78100006000222024
78370206000312024
38025806900302024
38025806900302024
38025806900302024
38025806900302024
38025806900302024
38025806900302024
38025806900302024
38025806900302024
38025806900302024
38025806900302024
38025806900302024
38025806900302024
38025806900302024
38025806900302024
24013706001292024
15307906004572024
38014505900482024
92670305900992024
92670305900992024
98600105908702024
98600105908702024
38014505900482024
38014505900482024
98600105908702024
15435907004152024
15589106900292024
38014505900482024
38014505900482024
92670305900992024
38014505900482024
38014505900482024
38014505900482024
38014505900482024
92844603900012024
92844603900012024
92844603900012024
92844603900012024
78360206000122024
13530506000012024
38014505900482024
38014505900482024
38014505900482024
38014505900482024
38026705900182024
38026705900182024
38026705900182024
38026705900182024
38026705900182024
38026705900182024
38026705900182024
38026705900182024
38026705900182024
38026705900182024
38026705900182024
38026705900182024
38026705900182024
38026705900182024
38026705900182024
38026705900182024
38026705900182024
38026705900182024
38026705900182024
38026705900182024
38026705900182024
38026705900182024
38026705900182024
38026705900182024
38026705900182024
38026705900182024
38026705900182024
38026705900182024
15591305900812024
15591305900812024
15591305900812024
15591305900812024
38023906000302024
78335006900432024
78335006900442024
25501507000032024
45228607000872024
10230706000652024
38014505900482024
45016106009722024
38014505900482024
38010905900322024
38010905900322024
18029806000412024
38014505900482024
98647505900382024
98647505900382024
98647505900382024
98647505900382024
98647505900382024
98647505900382024
98647505900382024
98647505900382024
98647505900382024
98647505900382024
98647505900382024
98647505900382024
98647505900382024
98647505900382024
98647505900382024
98647505900382024
98647505900382024
98647505900382024
98647505900382024
98647505900382024
98647505900382024
98647505900382024
98647505900382024
98647505900382024
98647505900382024
98647505900382024
98647505900382024
98647505900382024
98647505900382024
98647505900382024
98647505900382024
98647505900382024
98647505900382024
98647505900382024
98647505900382024
98647505900382024
98647505900382024
98647505900382024
98647505900382024
98647505900382024
98647505900382024
98647505900382024
98647505900382024
98647505900382024
98647505900382024
98647505900382024
98647505900382024
98647505900382024
98647505900382024
98647505900382024
98647505900382024
98647505900382024
98647505900382024
15800906900742024
38014505900482024
15800906900742024
15800906900742024
15800906900742024
15800906900742024
38014505900482024
38014505900482024
15809206900282024
15809206900282024
15809206900282024
92763405900132024
92763405900132024
92763405900132024
92763405900132024
92763405900132024
92763405900132024
92763405900132024
92763405900132024
92763405900132024
92763405900132024
92763405900132024
13501205900372024
13501205900372024
13501205900372024
13501205900372024
13501205900372024
13501205900372024
13501205900372024
13501205900372024
98788505900932024
98788505900932024
98788505900932024
98788505900932024
98788505900932024
98788505900932024
98788505900932024
98788505900932024
98788505900932024
98788505900932024
98788505900932024
98788505900932024
98788505900932024
98788505900932024
98788505900932024
98788505900932024
98788505900932024
98788505900932024
98788505900932024
98788505900932024
98788505900932024
98788505900932024
98788505900932024
98788505900932024
98788505900932024
98788505900932024
98788505900932024
98788505900932024
98788505900932024
98788505900932024
98788505900932024
98788505900932024
98788505900932024
98788505900932024
98788505900932024
98788505900932024
98788505900932024
15512405900752024
15512405900752024
15512405900752024
15512405900752024
15512405900752024
15512405900752024
15512405900752024
15512405900752024
15512405900752024
15512405900752024
15512405900752024
15512405900752024
15512405900752024
15512405900752024
15512405900752024
15512405900752024
15512405900752024
15512405900752024
15512405900752024
15512405900752024
15512405900752024
15512405900752024
15512405900752024
15512405900752024
15512405900752024
15512405900752024
15512405900752024
15512405900752024
15512405900752024
15512405900752024
15512405900752024
15512405900752024
15512405900752024
15512405900752024
15512405900752024
15512405900752024
15512405900752024
15512405900752024
15512405900752024
15512405900752024
15512405900752024
15512405900752024
15512405900752024
15512405900752024
15512405900752024
15512405900752024
15512405900752024
15512405900752024
15512405900752024
15512405900752024
15512405900752024
15512405900752024
15512405900752024
15512405900752024
15512405900752024
15512405900752024
15512405900752024
15512405900752024
15512405900752024
15512405900752024
15512405900752024
15512405900752024
15512405900752024
15512405900752024
15512405900752024
15512405900752024
15512405900752024
15512405900752024
15512405900752024
15512405900752024
15512405900752024
15512405900752024
15512405900752024
15512405900752024
15512405900752024
15512405900752024
15512405900752024
15512405900752024
98394905900472024
98394905900472024
98394905900472024
98394905900472024
98394905900472024
98600106943942024
98600106943942024
92782803900182024
98600106943942024
98600106943942024
98600106943942024
98600106943942024
92796405900352024
92796405900352024
98600106943942024
38014505900482024
18022005901122024
18022005901122024
18022005901122024
18022005901122024
18022005901122024
18022005901122024
18022005901122024
18022005901122024
18022005901122024
18022005901122024
18022005901122024
18022005901122024
18022005901122024
18022005901122024
18022005901122024
18022005901122024
18022005901122024
18022005901122024
18022005901122024
18022005901122024
18022005901122024
77130005950032024
38014505900482024
93045606000012024
03020307001392024
38014505900482024
38026806900032024
10230906911992024
25501706900032024
25501706900032024
25501706900032024
25501706900032024
38014505900482024
25501706900032024
25501706900032024
25501706900032024
25501706900032024
38014505900482024
38014505900482024
18029806000422024
18029806000422024
18029806000422024
18029806000422024
18029806000422024
18029806000422024
18029806000422024
18029806000422024
18029806000422024
18029806000422024
18029806000422024
38014505900482024
11470207004192024
92796405900352024
92796405900352024
38014505900482024
92586605900492024
98384705900402024
98384705900402024
18037905900062024
92542507001132024
92542507001132024
92667906900192024
77130005950032024
15401906900012024
77130005950032024
98647505900482024
77130005950032024
15325406002962024
15813206002952024
98384705900402024
98384705900402024
98384705900402024
98384705900402024
98384705900402024
98384705900402024
98384705900402024
98384705900402024
98384705900402024
98384705900402024
98384705900402024
98384705900402024
98384705900402024
98384705900402024
98384705900402024
98384705900402024
98384705900402024
98384705900402024
98384705900402024
98384705900402024
98384705900402024
98384705900402024
98384705900402024
98384705900402024
98384705900402024
98384705900402024
98384705900402024
98384705900402024
98384705900402024
15325406002962024
98384705900402024
15325406002962024
15325406002962024
15813206002952024
15325406002962024
77130005950032024
98647505900482024
77130005950032024
15401906900012024
77130005950032024
92667906900192024
92542507001132024
92542507001132024
18037905900062024
98384705900402024
98384705900402024
92586605900492024
38014505900482024
92796405900352024
92796405900352024
11470207004192024
38014505900482024
18029806000422024
18029806000422024
18029806000422024
18029806000422024
18029806000422024
18029806000422024
18029806000422024
18029806000422024
18029806000422024
18029806000422024
18029806000422024
38014505900482024
38014505900482024
25501706900032024
25501706900032024
25501706900032024
25501706900032024
38014505900482024
25501706900032024
25501706900032024
25501706900032024
25501706900032024
10230906911992024
38026806900032024
38014505900482024
03020307001392024
93045606000012024
38014505900482024
77130005950032024
18022005901122024
18022005901122024
18022005901122024
18022005901122024
18022005901122024
18022005901122024
18022005901122024
18022005901122024
18022005901122024
18022005901122024
18022005901122024
18022005901122024
18022005901122024
18022005901122024
18022005901122024
18022005901122024
18022005901122024
18022005901122024
18022005901122024
25501706900032024
25501706900032024
25501706900032024
38014505900482024
38014505900482024
18029806000422024
18029806000422024
18029806000422024
18029806000422024
18029806000422024
18029806000422024
18029806000422024
18029806000422024
18029806000422024
18029806000422024
38014505900482024
11470207004192024
92796405900352024
92837605900192024
92837605900192024
92837605900192024
92837605900192024
92837605900192024
92837605900192024
92837605900192024
98940306000562025
98940306000562025
98940306000562025
98940306000562025
98940306000562025
98940306000562025
98940306000562025
98940306000562025
98940306000562025
98940306000562025
98940306000562025
98940306000562025
98940306000562025
98940306000562025
98940306000562025
98940306000562025
98940306000562025
98940306000562025
98940306000562025
98940306000562025
98940306000562025
92837605900192024
92837605900192024
92837605900192024
92837605900192024
92837605900192024
92837605900192024
92837605900192024
92837605900192024
92837605900192024
92837605900192024
98570305901252024
98570305901252024
98570305901252024
94300105908452024
92837605900192024
92837605900192024
92837605900192024
92837605900192024
92837605900192024
92837605900192024
92837605900192024
92837605900192024
92837605900192024
92837605900192024
15305207004662024
15305207004662024
15305207004662024
92837605900192024
92837605900192024
92837605900192024
92837605900192024
92837605900192024
92837605900192024
92837605900192024
92505407012322024
92539807000842024
92685005900352024
92685005900352024
92837605900192024
92837605900192024
92837605900192024
92837605900192024
92837605900192024
92685005900352024
92685005900352024
92685005900352024
16800100000302024
16800100000302024
15435905900712024
16800100000302024
16800100000302024
92676405901232024
92676405901232024
92676405901232024
92715205900692024
92715205900692024
38011805900172024
38011805900172024
38011805900172024
92837605900192024
92837605900192024
92837605900192024
92837605900192024
92837605900192024
92837605900192024
92837605900192024
92837605900192024
92685005900352024
92639306000622024
92630605900302024
98940306000562025
98940306000562025
98940306000562025
98940306000562025
98940306000562025
98940306000562025
98940306000562025
98940306000562025
98940306000562025
98940306000562025
98940306000562025
98940306000562025
98940306000562025
98940306000562025
98940306000562025
98940306000562025
98940306000562025
98940306000562025
98940306000562025
98940306000562025
98940306000562025
98940306000562025
98940306000562025
92837605900192024
92837605900192024
92837605900192024
92837605900192024
92837605900192024
92837605900192024
92837605900192024
92837605900192024
92837605900192024
92837605900192024
98570305901252024
98570305901252024
98570305901252024
94300105908452024
92837605900192024
92837605900192024
92837605900192024
92837605900192024
92837605900192024
92837605900192024
92837605900192024
92837605900192024
92837605900192024
92837605900192024
15305207004662024
15305207004662024
15305207004662024
92837605900192024
92837605900192024
92837605900192024
92837605900192024
92837605900192024
92837605900192024
92837605900192024
92505407012322024
92539807000842024
92685005900352024
92685005900352024
92837605900192024
92837605900192024
92837605900192024
92837605900192024
92837605900192024
92685005900352024
92685005900352024
92685005900352024
16800100000302024
16800100000302024
15435905900712024
16800100000302024
16800100000302024
92676405901232024
92676405901232024
92676405901232024
92676405901232024
92676405901232024
92676405901232024
92676405901232024
92685005900352024
92685005900352024
92685005900352024
13501205900372024
13501205900372024
13501205900372024
13501205900372024
13501205900372024
13501205900372024
13501205900372024
13501205900372024
13501205900372024
13501205900372024
13501205900372024
13501205900372024
13501205900372024
13501205900372024
13501205900372024
13501205900372024
13501205900372024
13501205900372024
13501205900372024
13501205900372024
13501205900372024
13501205900372024
13501205900372024
13501205900372024
13501205900372024
13501205900372024
13501205900372024
13501205900372024
13501205900372024
13501205900372024
13501205900372024
13501205900372024
13501205900372024
13501205900372024
13501205900372024
13501205900372024
13501205900372024
13501205900372024
13501205900372024
13501205900372024
13501205900372024
13501205900372024
13501205900372024
13501205900372024
13501205900372024
13501205900372024
13501205900372024
13501205900372024
13501205900372024
13510006900192024
98858906903632024
38014505900482024
15809205000492023
15809205000492023
15809205000492023
15809205000492023
15809205000492023
15809205000492023
15809205000492023
15809205000492023
15809205000492023
15809205000492023
15809205000492023
15809205000492023
15809205000492023
15809205000492023
15809205000492023
15809205000492023
15809205000492023
15809205000492023
15809205000492023
15809205000492023
15809205000492023
15809205000492023
15809205000492023
15809205000492023
15809205000492023
15809205000492023
15809205000492023
15809205000492023
15809205000492023
15809205000492023
15809205000492023
15809205000492023
15809205000492023
15809205000492023
15809205000492023
15809205000492023
15809205000492023
15809205000492023
15809205000492023
15809205000492023
15809205000492023
15809205000492023
15809205000492023
15809205000492023
15809205000492023
15809205000492023
15809205000492023
15512405900752024
92837605900192024
92837605900192024
92837605900192024
94300105908452024
98570305901252024
98570305901252024
98570305901252024
92837605900192024
92837605900192024
92837605900192024
92837605900192024
92837605900192024
92837605900192024
92837605900192024
92837605900192024
92837605900192024
92837605900192024
98940306000562025
98940306000562025
98940306000562025
98940306000562025
98940306000562025
98940306000562025
98940306000562025
98940306000562025
98940306000562025
98940306000562025
98940306000562025
98940306000562025
98940306000562025
98940306000562025
98940306000562025
98940306000562025
98940306000562025
98940306000562025
98940306000562025
98940306000562025
98940306000562025
98940306000562025
98940306000562025
92630605900302024
92639306000622024
92685005900352024
92837605900192024
92837605900192024
92837605900192024
92837605900192024
92837605900192024
92837605900192024
92837605900192024
92837605900192024
38011805900172024
38011805900172024
38011805900172024
38011805900172024
38011805900172024
38011805900172024
38011805900172024
38011805900172024
38011805900172024
38011805900172024
38011805900172024
38011805900172024
38011805900172024
38011805900172024
38011805900172024
38011805900172024
38011805900172024
38011805900172024
38011805900172024
38011805900172024
38011805900172024
38011805900172024
38011805900172024
38011805900172024
92630605900312024
92837605900192024
92837605900192024
92837605900192024
92837605900192024
92837605900192024
92837605900192024
92837605900192024
92837605900192024
92837605900192024
92837605900192024
92837605900192024
92837605900192024
92837605900192024
15813105900172024
15813105900172024
15813105900172024
15813105900172024
15813105900172024
15813105900172024
15813105900172024
15813105900172024
15813105900172024
15813105900172024
15813105900172024
15458005900032024
15458005900032024
15458005900032024
15458005900032024
15458005900032024
15458005900032024
15458005900032024
15458005900032024
15458005900032024
15458005900032024
15458005900032024
15458005900032024
15458005900032024
15458005900032024
15458005900032024
15458005900032024
15458005900032024
15458005900032024
15458005900032024
15458005900032024
15458005900032024
15458005900032024
15458005900032024
15458005900032024
15458005900032024
15458005900032024
15458005900032024
15458005900032024
15458005900032024
15458005900032024
15458005900032024
11009705900082024
11009705900082024
11009705900082024
11009705900082024
11009705900082024
11009705900082024
11009705900082024
11009705900082024
11009705900082024
11009705900082024
11009705900082024
11461706000732024
15590205901142024
92546707000412024
92692205904702024
15815306900612024
15815306900612024
94300105907542024
94300105907542024
15815306900612024
92670305900792024
92670305900792024
10232406900602024
15842406900252024
15842406900252024
15842406900252024
15842406900252024
15842406900252024
15842406900252024
15842406900252024
15842406900252024
15842406900252024
92809205900012024
92809205900012024
92809205900012024
92809205900012024
92809205900012024
92809205900012024
92809205900012024
92809205900012024
92809205900012024
92809205900012024
92809205900012024
92809205900012024
92809205900012024
92809205900012024
92809205900012024
92809205900012024
92977007000052024
92977007000052024
92977007000052024
92977007000052024
92977007000052024
92977007000052024
92977007000052024
92977007000052024
13502806900212024
98745905900722024
98745905900722024
98745905900712024
98745905900582024
98745905900582024
98745905900582024
98745905900582024
98745905900582024
98745905900582024
98745905900582024
98745905900582024
98745905900582024
15325406002962024
15325406002962024
98384705900402024
15325406002962024
98384705900402024
98384705900402024
98384705900402024
98384705900402024
98384705900402024
98384705900402024
98384705900402024
98384705900402024
98384705900402024
98384705900402024
98384705900402024
98384705900402024
98384705900402024
98384705900402024
98384705900402024
98384705900402024
98384705900402024
98384705900402024
98384705900402024
98384705900402024
98384705900402024
98384705900402024
98384705900402024
98384705900402024
98384705900402024
98384705900402024
98384705900402024
98384705900402024
98384705900402024
98384705900402024
11461706000702024
18303906000062024
78314106000072024
92503605900092024
92503605900092024
92503605900092024
92503605900092024
18011206000092024
18011206000092024
78220006900272024
92698205900102024
78220006900262024
78220006900262024
78220006900262024
78220006900262024
98600105908892024
98600105908892024
78220006900262024
78220006900262024
98600105908892024
98600105908892024
98600105908892024
98600105908892024
98600105908892024
98600105908892024
98600105908892024
98600105908892024
98600105908892024
98600105908892024
77130005950032024
18037505970062024
18037505970062024
18037505970062024
18037505970062024
18037505970062024
18037505970062024
18037505970062024
18037505970062024
18037505970062024
18037505970062024
18037505970062024
18037505970062024
18037505970062024
18037505970062024
18037505970062024
18037505970062024
18037505970062024
18037505970062024
18037505970062024
18037505970062024
18037505970062024
18037505970062024
99013805900022024
99013805900022024
99013805900022024
99013805900022024
99013805900022024
92503605900122024
92503605900122024
25444807001022024
25444807001022024
25444807001022024
25444807001022024
25444807001022024
25444807001022024
25444807001022024
98745905900582024
98745905900582024
98745905900582024
98745905900582024
13501205900332024
13501205900332024
13501205900332024
13501205900332024
13501205900332024
13501205900332024
13501205900332024
13501205900332024
13501205900332024
13501205900332024
13501205900332024
13501205900332024
13501205900332024
13501205900332024
13501205900332024
13501205900332024
13501205900332024
13501205900332024
13501205900332024
13501205900332024
13501205900332024
13501205900332024
13501205900332024
13501205900332024
13501205900332024
13501205900332024
13501205900332024
13501205900332024
13501205900332024
13501205900332024
13501205900332024
92692205904702024
94300105907542024
92670305900792024
92599805901092024
78300006900632024
78300006900632024
78300006900632024
78300006900632024
78300006900632024
92977707000422024
78300006900632024
78300006900632024
92809205900012024
92809205900012024
78300006900632024
78300006900632024
78300006900632024
92599805901092024
78300006900632024
78300006900632024
92599805901092024
78300006900632024
78300006900632024
78300006900632024
78300006900632024
78300006900632024
78300006900632024
15450207001712024
78300006900632024
78300006900632024
78300006900632024
78300006900632024
78300006900632024
78300006900632024
78300006900632024
78300006900632024
78300006900632024
78300006900632024
78300006900632024
78300006900632024
92611905902042024
92611905902042024
78300006900632024
25501206900022024
17012106900222024
17012106900222024
17012106900222024
17012106900222024
18011406000442024
76574106000162024
92611905902042024
97400407000172024
98137307000372024
93035606900122024
93035606900122024
93035606900122024
92918506900132024
10231906000472024
45657805900442024
45657805900442024
45657805900442024
45657805900442024
45657805900442024
45657805900442024
45657805900442024
15813105900172024
92837605900192024
92837605900192024
92837605900192024
92837605900192024
15306507003092024
94300105911292024
78601006900022024
40012106000032024
78601006900032024
78381005900242024
78381005900242024
78381005900242024
78381005900242024
78381005900242024
78381005900242024
78381005900242024
78381005900242024
78381005900242024
78381005900242024
78381005900242024
78381005900242024
78381005900242024
78381005900242024
78381005900242024
78381005900242024
78381005900242024
78381005900242024
78381005900242024
78381005900242024
78381005900242024
78381005900242024
78381005900242024
78381005900242024
78381005900242024
78381005900242024
78381005900242024
78381005900242024
78381005900242024
78381005900242024
92650707000312024
92986406000122024
94300105910902024
78381005900242024
78381005900242024
78381005900242024
78381005900242024
78381005900242024
78381005900242024
25444505902232024
25444505902232024
25444505902232024
25444505902232024
25444505902232024
25444505902232024
25444505902232024
25444505902232024
25444505902232024
25444505902232024
25444505902232024
25444505902232024
11470207004202024
92612105900062024
92612105900062024
08034006000122024
08034006000122024
08034006000122024
08034006000122024
32302807000032024
09010206000592024
92542507001142024
92670305900792024
92670305900792024
92670305900792024
92670305900792024
15458005900032024
15458005900032024
15458005900032024
15458005900032024
15458005900032024
15458005900032024
15458005900032024
15458005900032024
15458005900032024
15458005900032024
15665405900482024
78381005900242024
78381005900242024
78381005900242024
78381005900242024
15458005900032024
15458005900032024
15458005900032024
15458005900032024
15458005900032024
15458005900032024
15458005900032024
15458005900032024
15458005900032024
15458005900032024
92698205900102024
92698205900102024
92698205900102024
92698205900102024
92698205900102024
92698205900102024
10215906900382024
77130005950032024
15309006901332024
77130005950032024
92698205900102024
92698205900102024
38014505900482024
10215906900372024
10215906900372024
10215906900372024
10215906900372024
10215906900372024
10215906900372024
18019806900162024
10215906900372024
10215906900372024
10215906900372024
10215906900372024
15837706900232023
77130005950032024
78851206900062024
45016107009742024
92698205900102024
77130005950032024
92692205903702024
25444807001022024
25444807001022024
25444807001022024
25444807001022024
25444807001022024
25444807001022024
25444807001022024
25444807001022024
25444807001022024
92503605900122024
92503605900122024
99013805900022024
99013805900022024
99013805900022024
99013805900022024
99013805900022024
18037505970062024
18037505970062024
18037505970062024
18037505970062024
18037505970062024
18037505970062024
18037505970062024
18037505970062024
18037505970062024
18037505970062024
18037505970062024
18037505970062024
18037505970062024
18037505970062024
18037505970062024
18037505970062024
18037505970062024
18037505970062024
18037505970062024
18037505970062024
18037505970062024
18037505970062024
77130005950032024
98600105908892024
98600105908892024
98600105908892024
98600105908892024
98600105908892024
98600105908892024
98600105908892024
98600105908892024
98600105908892024
98600105908892024
78220006900262024
78220006900262024
98600105908892024
98600105908892024
78220006900262024
78220006900262024
78220006900262024
78220006900262024
92698205900102024
78220006900272024
18011206000092024
18011206000092024
92503605900092024
92503605900092024
92503605900092024
92503605900092024
78314106000072024
18303906000062024
11461706000702024
98384705900402024
92611905901962024
38014505900482024
15812505900722024
15812505900722024
15812505900722024
15812505900722024
15812505900722024
15812505900722024
92611905901962024
38014505900482024
92658706900212024
92658706900212024
92715205900692024
92715205900692024
92715205900692024
92715205900692024
92715205900692024
92715205900692024
92715205900692024
92715205900692024
92715205900692024
92715205900692024
92715205900692024
92715205900692024
92715205900692024
92715205900692024
92715205900692024
92715205900692024
92715205900692024
92715205900692024
92715205900692024
92715205900692024
92715205900692024
92715205900692024
92715205900692024
92715205900692024
92715205900692024
92715205900692024
92715205900692024
92715205900692024
92715205900692024
92715205900692024
92715205900692024
92715205900692024
92715205900692024
92715205900692024
92715205900692024
92715205900692024
92715205900692024
92715205900692024
92715205900692024
92715205900692024
92715205900692024
92715205900692024
92715205900692024
92715205900692024
92715205900692024
92715205900692024
92715205900692024
92715205900692024
92715205900692024
92715205900692024
92715205900692024
92715205900692024
92715205900692024
92715205900692024
92715205900692024
92715205900692024
92715205900692024
92715205900692024
92715205900692024
92715205900692024
92715205900692024
92715205900692024
92715205900692024
92715205900692024
92715205900692024
92715205900692024
92715205900692024
92715205900692024
92685005900352024
92685005900352024
92685005900352024
92715205900692024
92715205900692024
92715205900692024
92685005900352024
92685005900352024
92685005900352024
92685005900352024
92715205900692024
92715205900692024
92715205900692024
92715205900692024
92715205900692024
92715205900692024
92715205900692024
92715205900692024
92715205900692024
92715205900692024
45657805900442024
45657805900442024
45657805900442024
45657805900442024
45657805900442024
45657805900442024
45657805900442024
45657805900442024
45657805900442024
45657805900242024
45657805900242024
15836907000302024
16800107001912024
20024707000752024
53240107000142024
13001605900092024
13001605900092024
13001605900092024
13001605900092024
13001605900092024
13001605900092024
13001605900092024
13001605900092024
13001605900092024
92685005900042024
13001605900092024
13001605900092024
13001605900092024
13001605900092024
13001605900092024
13001605900092024
13001605900092024
13001605900092024
13001605900092024
13001605900092024
13001605900092024
13001605900092024
13001605900092024
13001605900092024
13001605900092024
13001605900092024
13001605900092024
13001605900092024
13001605900092024
13001605900092024
09012205900312024
16800107001922024
11320407000392024
13001605900092024
13001605900092024
13001605900092024
15591405900272024
15591405900272024
15591405900272024
15591405900272024
15591405900272024
15591405900272024
15591405900272024
15404606000752024
17010006900112024
10211906910212024
10211906910212024
10217205900102024
10217205900102024
10217205900102024
10217205900102024
10217205900102024
10217205900102024
10217205900102024
15310305900352024
15310305900352024
15310305900352024
15310305900352024
15310305900352024
15310305900352024
13001605900092024
13001605900092024
13001605900092024
45016106009772024
45016106009772024
13001605900092024
13001605900092024
13001605900092024
13001605900092024
13001605900092024
13001605900092024
13001605900092024
13001605900092024
13001605900092024
13001605900092024
15310305000522023
15310305000522023
15310305000522023
13001605900092024
13001605900092024
13001605900092024
13001605900092024
13001605900092024
13001605900092024
13001605900092024
13001605900092024
13001605900092024
13001605900092024
13001605900092024
13001605900092024
13001605900092024
15310305000522023
15814405900272024
15814405900272024
15814405900272024
15814405900272024
15814405900272024
15814405900272024
15814405900272024
15814405900272024
15814405900272024
15814405900272024
15814405900272024
15814405900272024
15814405900272024
15814405900272024
15814405900272024
15814405900272024
15814405900272024
15814405900272024
15814405900272024
15814405900272024
15814405900272024
15814405900272024
15814405900272024
15814405900272024
15814405900272024
15814405900272024
15814405900272024
15814405900272024
15814405900272024
15814405900272024
15814405900272024
15814405900272024
15814405900272024
15814405900272024
15814405900272024
15814405900272024
15814405900272024
15814405900272024
15814405900272024
15814405900272024
15814405900272024
15814405900272024
15814405900272024
15814405900272024
15814405900272024
15814405900272024
15814405900272024
15814405900272024
15310305000522023
10217205900102024
10217205900102024
10217205900102024
15310305000522023
15310305000522023
15310305000522023
13001605900092024
13001605900092024
13001605900092024
13001605900092024
13001605900092024
13001605900092024
13001605900092024
13001605900092024
13001605900092024
15310305000522023
15310305000522023
15310305000522023
13001605900092024
13001605900092024
13001605900092024
13001605900092024
13001605900092024
15310305900352024
15310305900352024
15310305900352024
15310305900352024
15310305900352024
10217205900102024
10217205900102024
15814405900272024
15814405900272024
15814405900272024
15814405900272024
15814405900272024
15814405900272024
15814405900272024
15502205900962024
15502205900962024
15502205900962024
15502205900962024
15502205900962024
15502205900962024
15502205900962024
15814405900272024
15814405900272024
15814405900272024
15814405900272024
15814405900272024
15814405900272024
15814405900272024
15310305000522023
10217205900102024
10217205900102024
10217205900102024
15310305000522023
15310305000522023
15310305000522023
13001605900092024
13001605900092024
13001605900092024
13001605900092024
13001605900092024
13001605900092024
13001605900092024
13001605900092024
13001605900092024
15310305000522023
15310305000522023
15310305000522023
13001605900092024
13001605900092024
13001605900092024
13001605900092024
13001605900092024
13001605900092024
13001605900092024
13001605900092024
13001605900092024
13001605900092024
45016106009772024
45016106009772024
13001605900092024
13001605900092024
13001605900092024
15310305900352024
15310305900352024
15310305900352024
15310305900352024
15310305900352024
15310305900352024
10217205900102024
10217205900102024
10217205900102024
10217205900102024
10217205900102024
10217205900102024
10217205900102024
10211906910212024
10211906910212024
17010006900112024
15404606000752024
15591405900272024
15591405900272024
15591405900272024
15591405900272024
15591405900272024
15591405900272024
15591405900272024
13001605900092024
13001605900092024
13001605900092024
11320407000392024
16800107001922024
09012205900312024
13001605900092024
13001605900092024
13001605900092024
13001605900092024
13001605900092024
13001605900092024
13001605900092024
13001605900092024
13001605900092024
13001605900092024
13001605900092024
13001605900092024
13001605900092024
13001605900092024
13001605900092024
13001605900092024
13001605900092024
13001605900092024
13001605900092024
13001605900092024
92685005900042024
13001605900092024
13001605900092024
13001605900092024
13001605900092024
13001605900092024
13001605900092024
13001605900092024
13001605900092024
98818305901132024
24001305900092024
98621905934462024
25444607905622023
25444607905622023
25444607905622023
78000006900652024
92599805901442024
92799605901722024
92799605901722024
92799605901722024
09020305900372024
09020305900372024
09020305900372024
09020305900372024
09020305900372024
09020305900372024
09020305900372024
09020305900372024
15502205900962024
15502205900962024
15502205900962024
15502205900962024
15502205900962024
15502205900962024
15502205900962024
15502205900962024
15502205900962024
15502205900962024
15502205900962024
15502205900962024
15502205900962024
15502205900962024
15502205900962024
15502205900962024
15502205900962024
15502205900962024
15502205900962024
15502205900962024
15502205900962024
15502205900962024
15502205900962024
15502205900962024
15502205900962024
15502205900962024
15502205900962024
15502205900962024
15502205900962024
15502205900962024
15502205900962024
15502205900962024
15502205900962024
15502205900962024
15502205900962024
15502205900962024
15502205900962024
15502205900962024
15502205900962024
15502205900962024
15502205900962024
15502205900962024
15502205900962024
15502205900962024
15502205900962024
15502205900962024
15502205900962024
15502205900962024
15502205900962024
15502205900962024
15502205900962024
15502205900962024
15502205900962024
15502205900962024
15502205900962024
15502205900962024
15502205900962024
15502205900962024
15024705901012024
15024705901012024
15024705901012024
15024705901012024
15024705901012024
15024705901012024
15024705901012024
15024705901012024
15024705901012024
15024705901012024
15024705901012024
15024705901012024
92599805901442024
15024705901012024
15024705901012024
15024705901012024
15024705901012024
15024705901012024
15024705901012024
15024705901012024
15024705901012024
15024705901012024
78000006900652024
09250105901852024
09250105901852024
09250105901852024
09250105901852024
09250105901852024
15317806900252024
15317806900252024
98624905902482024
38946106900332024
38946106900332024
38946106900332024
38946106900332024
09017705900572024
18011406900172024
09017705900602024
09017705900602024
09017705900602024
09017705900602024
09017705900602024
09017705900602024
09017705900602024
09017705900602024
09017705900602024
09017705900602024
09017705900602024
09017705900602024
09017705900602024
09017705900602024
09017705900602024
09017705900602024
09017705900602024
09017705900602024
09017705900602024
09017705900602024
09017705900602024
09017705900602024
92715205900802024
92715205900802024
92715205900802024
92715205900802024
92715205900802024
92715205900802024
92715205900802024
09017705900832024
09017705900832024
45016106009802024
92804007000132024
92804007000132024
92804007000132024
92804007000132024
92804007000132024
92804007000132024
92859105912982024
92859105912982024
92859105912982024
92859105912982024
92859105912982024
92859105912982024
92859105912982024
38905406900372024
77100006900792024
98696905903022024
98274905900062024
98274905900062024
98274905900062024
98274905900062024
98274905900062024
98274905900062024
98274905900062024
98274905900062024
98274905900062024
98274905900062024
98274905900062024
98274905900062024
98274905900062024
98274905900062024
98274905900062024
98274905900062024
98274905900062024
98274905900062024
98274905900062024
98274905900062024
98274905900062024
98274905900062024
98274905900062024
98274905900062024
77100006900932024
77100006900932024
34404207007752024
10232606900722024
93141305900042024
98274905900052024
98274905900052024
98696905901092024
98696905901092024
77120106900142024
99000106900142024
99000106900142024
99000106900142024
92539807000862024
98818305901132024
98818305901132024
98818305901132024
98818305901132024
98818305901132024
98818305901132024
98818305901132024
98818305901132024
98818305901132024
98818305901132024
98818305901132024
98818305901132024
98818305901132024
98818305901132024
98818305901132024
98818305901132024
98818305901132024
98818305901132024
98818305901132024
98818305901132024
98818305901132024
98818305901132024
98818305901132024
98818305901132024
98818305901132024
98818305901132024
98818305901132024
98818305901132024
98818305901132024
98818305901132024
98818305901132024
98818305901132024
98818305901132024
92599805901442024
98818305901132024
98818305901132024
98818305901132024
98818305901132024
98818305901132024
98818305901132024
98818305901132024
98818305901132024
98818305901132024
24001305900092024
98621905934462024
25444607905622023
25444607905622023
25444607905622023
78000006900652024
92599805901442024
92799605901722024
92799605901722024
92799605901722024
09020305900372024
09020305900372024
09020305900372024
09020305900372024
09020305900372024
09020305900372024
09020305900372024
09020305900372024
15502205900962024
15502205900962024
15502205900962024
15502205900962024
15502205900962024
15502205900962024
15502205900962024
15502205900962024
15502205900962024
15502205900962024
15502205900962024
15502205900962024
15502205900962024
15502205900962024
15502205900962024
15502205900962024
15502205900962024
15502205900962024
15502205900962024
15502205900962024
15502205900962024
15502205900962024
15502205900962024
15502205900962024
15502205900962024
15502205900962024
15502205900962024
15502205900962024
15502205900962024
15502205900962024
15502205900962024
15502205900962024
15502205900962024
15502205900962024
15502205900962024
15502205900962024
15502205900962024
15502205900962024
15502205900962024
38010605900132024
15813206002812024
38010605900132024
38010605900132024
38010605900132024
92796405901912024
92796405901912024
38010605900132024
10233306913192024
10233306913192024
98422306901362024
92692205904302024
92692205904302024
92692205904302024
78335006900432024
34303406000112024
34303406000112024
34303406000112024
34303406000112024
34303406000112024
98084205900472024
98084205900472024
98084205900472024
98084205900472024
98084205900472024
98084205900472024
98084205900472024
98084205900472024
98084205900472024
98084205900472024
98084205900472024
98084205900472024
98084205900472024
98084205900472024
98084205900472024
98084205900472024
98084205900472024
98084205900472024
98084205900472024
98084205900472024
98084205900472024
98084205900472024
98084205900472024
98084205900472024
98084205900472024
98084205900472024
98084205900472024
98084205900472024
98084205900472024
98084205900472024
98084205900472024
98084205900472024
98084205900472024
98084205900472024
98084205900472024
98084205900472024
98084205900472024
98084205900472024
98084205900472024
98084205900472024
98084205900472024
98084205900472024
98084205900472024
98084205900472024
98084205900472024
98084205900472024
98084205900472024
98084205900472024
98084205900472024
98084205900472024
98084205900472024
98084205900472024
98084205900472024
98084205900472024
98084205900472024
98084205900472024
98084205900472024
92994903900112024
38027306000052024
38027306000052024
38027306000052024
38027306000052024
38027306000052024
38027306000052024
38027306000052024
38027306000052024
38027306000052024
38027306000052024
38027306000052024
38027306000052024
38027306000052024
38027306000052024
93080005900432024
93080005900432024
93080005900432024
93080005900432024
93080005900432024
93080005900432024
93080005900432024
93080005900432024
92776105900932024
92776105900932024
92776105900932024
92776105900932024
92715205900852024
11460305000062023
11460305000062023
92645405900402024
92645405900402024
18015805900672024
18015805900672024
18015805900672024
92776105900932024
25445007000702024
15819507001692024
09020305900392024
09020305900392024
09020305900392024
09020305900392024
09020305900392024
09020305900392024
09020305900392024
09020305900392024
09020305900392024
09020305900392024
09020305900392024
09020305900392024
09020305900392024
09020305900392024
09020305900392024
09020305900392024
09020305900392024
09020305900392024
09020305900392024
09020305900392024
16003305900032024
16003305900032024
16003305900032024
16003305900032024
16003305900032024
16003305900032024
16003305900032024
98692105900352024
98692105900352024
98692105900352024
98692105900352024
98692105900352024
98692105900352024
98692105900352024
98692105900352024
98692105900352024
98692105900352024
98692105900352024
98692105900352024
98692105900352024
98692105900352024
98692105900352024
98692105900352024
98692105900352024
98692105900352024
98692105900352024
98692105900352024
98692105900352024
98692105900352024
98692105900352024
98692105900352024
98692105900352024
98692105900352024
98692105900352024
98692105900352024
98692105900352024
98692105900352024
98692105900352024
98692105900352024
98692105900352024
98692105900352024
98692105900352024
98692105900352024
98692105900352024
98692105900352024
98692105900352024
98692105900352024
98692105900352024
98692105900352024
98692105900352024
98692105900352024
98692105900352024
98692105900352024
98692105900352024
98692105900352024
10211406900562024
98692105900352024
98692105900352024
98692105900352024
98692105900352024
98692105900352024
98692105900352024
98692105900352024
98692105900352024
98692105900352024
13001605900092024
13001605900092024
13001605900092024
13001605900092024
13001605900092024
13001605900092024
13001605900092024
13001605900092024
13001605900092024
13001605900092024
13001605900092024
13001605900092024
13001605900092024
13001605900092024
13001605900092024
92791907000332024
25501206900022024
25501206900022024
25501206900022024
15814405900272024
15814405900272024
15815405908052024
15310305000362023
15310305000362023
15310305000362023
15310305000362023
15310305000362023
15310305000362023
15310305000362023
15310305000362023
15310305000362023
25501206900022024
15310305000612023
15310305000612023
15310305000612023
15310305000612023
15310305000612023
15310305000612023
15310305000612023
15310305000612023
15310305000612023
15310305000612023
15310305000612023
15310305000612023
15310305000612023
15310305000612023
15310305000612023
15310305000612023
15310305000612023
15310305000612023
15310305000612023
15310305000612023
15310305000612023
15310305000612023
15310305000612023
15310305000612023
15310305000612023
15310305000612023
15310305000612023
15310305000612023
15310305000612023
15310305000612023
15310305000612023
15310305000612023
15310305000612023
15310305000612023
15310305000612023
15310305000612023
15310305000612023
15310305000612023
15310305000612023
15310305000612023
15310305000612023
15310305000612023
15310305000612023
15310305000612023
15310305000612023
15310305000612023
15310305000612023
15310305000612023
15310305000612023
15310305000612023
15310305000612023
15310305000612023
15310305000612023
15310305000612023
15310305000612023
15310305000612023
15310305000612023
15310305000612023
15310305000612023
15310305000612023
15310305000612023
15310305000612023
15310305000612023
15310305000612023
15310305000612023
15310305000612023
15310305000612023
15310305000612023
37330106904752024
38023106000082024
38023106000082024
38023106000082024
38023106000082024
38023106000082024
38023106000082024
38023106000082024
38023106000082024
38023106000082024
38023106000082024
38023106000082024
38023106000082024
38023106000082024
38023106000082024
38023106000082024
38023106000082024
38023106000082024
15871705900172024
53210105901502024
15871705900172024
92622405900262024
92622405900262024
15871705900172024
15871705900172024
10230706000712024
15871705900172024
92774405902182024
92774405902182024
15871705900172024
92622405900302024
92622405900302024
92622405900302024
92622405900302024
93070605900042024
92671706000072024
15871705900172024
93070605900042024
93070605900042024
15871705900172024
78100006900912024
15871705900172024
93070605900042024
93070605900042024
15871705900172024
93070605900042024
15871705900172024
93070605900042024
78100005900182024
93070605900042024
98834306902152024
93070605900042024
98834306902152024
98834306902152024
15871705900172024
78520006901502024
78520006901502024
93070605900042024
93070605900042024
15871705900172024
15871705900172024
11010206000742024
15871705900172024
15871705900172024
15871705900172024
15871705900172024
15871705900172024
15871705900172024
15871705900172024
25444507000342025
74001406901612024
74001406901612024
15871705900172024
15871705900172024
15871705900172024
15871705900172024
15871705900172024
15871705900172024
10233506000732024
15871705900172024
77130005901662024
15871705900172024
13501605900142024
13501605900142024
13501605900142024
15815107002432024
78480006900332024
78480006900332024
78480006900332024
78480006900332024
78480006900332024
78480006900332024
78480006900332024
77130005901662024
78480006900332024
15501305900852024
15501305900852024
15501305900852024
15501305900852024
15871705900172024
18027105900142024
18027105900142024
18027105900142024
18027105900142024
18027105900142024
18027105900142024
18027105900142024
18027105900142024
18027105900142024
18027105900142024
18027105900142024
18027105900142024
18027105900142024
18027105900142024
18027105900142024
18027105900142024
15502205900002024
15502205900002024
15502205900002024
15502205900002024
15502205900002024
15502205900002024
15502205900002024
15502205900002024
15502205900002024
15502205900002024
15502205900002024
15502205900002024
15502205900002024
15502205900002024
15013406000192024
08030405900082024
08030405900082024
08030405900082024
08030405900082024
08030405900082024
08030405900082024
92553203900032024
18038705900042024
18038705900042024
13500706000022024
78581006900592024
78581006900592024
78581006900592024
10231005900052024
20000505900102024
20000505900102024
92668707000462024
92505407012362024
92776105900932024
92776105900932024
92776105900932024
92776105900932024
92776105900932024
92776105900932024
92776105900932024
92776105900932024
92776105900932024
92776105900932024
92776105900932024
92776105900932024
92776105900932024
92776105900932024
92776105900932024
92776105900932024
92776105900932024
92776105900932024
92776105900932024
92776105900932024
92776105900932024
92776105900932024
92776105900932024
92776105900932024
92776105900932024
92776105900932024
92776105900932024
92776105900932024
92776105900932024
92776105900932024
92776105900932024
92776105900932024
92776105900932024
92776105900932024
92776105900932024
92776105900932024
92776105900932024
92776105900932024
92776105900932024
92776105900932024
92776105900932024
92776105900932024
92776105900932024
92776105900932024
92776105900932024
92776105900932024
92776105900932024
92776105900932024
92776105900932024
92776105900932024
92776105900932024
92715205900802024
92715205900802024
92715205900802024
92715205900802024
92715205900802024
92715205900802024
92715205900802024
92715205900802024
92715205900802024
92715205900802024
92715205900802024
92715205900802024
92715205900802024
92715205900802024
92715205900802024
92715205900802024
92715205900802024
92715205900802024
92715205900802024
92715205900802024
92715205900802024
92715205900802024
92715205900802024
92715205900802024
92715205900802024
92715205900802024
92715205900802024
92715205900802024
92715205900802024
92715205900802024
92715205900802024
92715205900802024
92715205900802024
92715205900802024
92715205900802024
92715205900802024
92715205900802024
92715205900802024
92715205900802024
92715205900802024
92715205900802024
92715205900802024
92715205900802024
92715205900802024
92715205900802024
92715205900802024
92715205900802024
92715205900802024
92715205900802024
92715205900802024
92715205900802024
92715205900802024
92715205900802024
92715205900802024
92715205900802024
92715205900802024
92715205900802024
92715205900802024
92715205900802024
92715205900802024
92715205900802024
92715205900802024
92715205900802024
92715205900802024
92715205900802024
92715205900802024
92715205900802024
92715205900802024
92715205900802024
92715205900802024
92715205900802024
92715205900802024
92715205900802024
92715205900802024
92715205900802024
92715205900802024
92715205900802024
92715205900802024
92715205900802024
34404205900072024
16003305900052024
16003305900052024
92506603900242024
09017705900572024
10260106900432024
25005206900282023
25005206900282023
25005206900282023
92715205900802024
09017705900672024
09250105901852024
09250105901852024
09250105901852024
09250105901852024
09250105901852024
09250105901852024
09250105901852024
09250105901852024
09250105901852024
09250105901852024
98692105900352024
98692105900352024
98692105900352024
98692105900352024
98692105900352024
98692105900352024
98692105900352024
98692105900352024
98692105900352024
98692105900352024
98692105900352024
98692105900352024
98692105900352024
98692105900352024
98692105900352024
98692105900352024
98692105900352024
98692105900352024
98692105900352024
98692105900352024
98692105900352024
98692105900352024
98692105900352024
98692105900352024
98692105900352024
92715205900802024
92715205900802024
15812206900882024
15458006000352024
15458006000352024
15458006000352024
92776105900932024
18015805900672024
45016105900742024
45016105900742024
45016105900742024
45016105900742024
45016105900742024
45016105900742024
45016105900742024
45016105900742024
45016105900742024
10217406900522024
98692105900352024
98692105900352024
92645405900402024
98692105900352024
98692105900352024
98692105900352024
98692105900352024
98692105900352024
15301007001022024
45016106009812024
98692105900122024
15831406900192024
15831406900192024
15831406900172024
15831406900172024
15831406900162024
98763506900212024
93080005900362024
93080005900362024
93080005900362024
93080005900362024
93080005900362024
93080005900362024
93080005900362024
93080005900362024
93080005900362024
98692105900122024
98692105900122024
98692105900122024
92879005900412024
92879005900412024
98692105900122024
75150006000082024
75150006000082024
75150006000082024
75150006000082024
75150006000082024
75150006000082024
75150006000082024
98692105900122024
77000006900682024
92505407012372024
98692105900122024
38010605900152024
18303806000172024
92961506000452024
92961506000452024
92961506000452024
98692105900122024
17004006900392024
98274905900052024
98274905900052024
92879005900412024
92879005900412024
92879005900412024
92879005900412024
92879005900412024
10231706000422024
12001300900562023
92879005900412024
92879005900412024
92879005900412024
92879005900412024
92879005900412024
98274905900052024
98274905900052024
17004006900392024
98692105900122024
92961506000452024
92961506000452024
92961506000452024
18303806000172024
38010605900152024
98692105900122024
92505407012372024
77000006900682024
98692105900122024
75150006000082024
75150006000082024
75150006000082024
75150006000082024
75150006000082024
75150006000082024
75150006000082024
98692105900122024
92879005900412024
92879005900412024
98692105900122024
98692105900122024
98692105900122024
93080005900362024
93080005900362024
93080005900362024
93080005900362024
93080005900362024
93080005900362024
93080005900362024
93080005900362024
93080005900362024
98763506900212024
15831406900162024
15831406900172024
15831406900172024
15831406900192024
15831406900192024
98692105900122024
45016106009812024
15301007001022024
98692105900122024
17004005900112024
92500305908262024
77120106900142024
19404806900082024
25442005900442024
25442005900442024
25442005900442024
19404806900082024
19404806900082024
19404806900082024
19404806900082024
19404806900082024
25442005900442024
25442005900442024
25442005900442024
25442005900442024
93035606900122024
93035606900122024
93035606900122024
93035606900122024
93035606900122024
93035606900122024
25442005900442024
25442005900442024
93035606900122024
93035606900122024
93035606900122024
93035606900122024
93035606900122024
93035606900122024
93035606900122024
93035606900122024
93035606900122024
93035606900122024
25442005900442024
25442005900442024
25442005900442024
25442005900442024
25442005900442024
25442005900442024
25442005900442024
25442005900442024
25442005900442024
25442005900442024
93035606900122024
93035606900122024
93035606900122024
93035606900122024
93080005900432024
25442005900332024
75150006000092024
15667806901992024
15667806901992024
15667806901992024
15667806901992024
15667806901992024
15667806901992024
15667806901992024
15667806901992024
15667806901992024
92692205904302024
15667806901992024
15667806901992024
15667806901992024
15667806901992024
15667806901992024
15667806901992024
15667806901992024
15667806901992024
15667806901992024
15667806901992024
15667806901992024
15667806901992024
15667806901992024
15667806901992024
15667806901992024
15667806901992024
15667806901992024
15667806901992024
15667806901992024
15667806901992024
15667806901992024
15667806901992024
15667806901992024
15667806901992024
15667806901992024
15667806901992024
15667806901992024
15667806901992024
15667806901992024
15667806901992024
15667806901992024
15667806901992024
15667806901992024
15667806901992024
25442005900442024
25442005900442024
25442005900442024
25442005900442024
25442005900442024
93080005900432024
77120106900142024
25442005900442024
25442005900442024
25442005900442024
25442005900442024
25442005900442024
25442005900442024
25442005900442024
25442005900442024
25442005900442024
25442005900442024
25442005900442024
25442005900442024
25442005900442024
25442005900442024
25442005900442024
25442005900442024
25442005900442024
25442005900442024
92774405901652024
92774405901652024
25442005900442024
25442005900442024
25442005900442024
25442005900442024
25442005900442024
25442005900442024
25442005900442024
25442005900442024
25442005900442024
93035606900122024
93035606900122024
93035606900122024
93035606900122024
93035606900122024
25442005900442024
25442005900442024
93035606900122024
25442005900442024
25442005900442024
25442005900442024
25442005900442024
25442005900442024
93035606900122024
93035606900122024
93035606900122024
93035606900122024
25442005900442024
25442005900442024
25442005900442024
25442005900442024
25442005900442024
25442005900442024
25442005900442024
25442005900442024
25442005900442024
25442005900442024
93035606900122024
93035606900122024
93035606900122024
93035606900122024
93035606900122024
93035606900122024
93035606900122024
93035606900122024
93035606900122024
93035606900122024
25442005900442024
25442005900442024
25442005900442024
25442005900442024
25442005900442024
93035606900122024
93035606900122024
93035606900122024
93035606900122024
93035606900122024
93035606900122024
93035606900122024
93035606900122024
93035606900122024
93035606900122024
25442005900442024
25442005900442024
25442005900442024
25442005900442024
25442005900442024
25442005900442024
25442005900442024
25442005900442024
25442005900442024
25442005900442024
19404806900082024
19404806900082024
19404806900082024
19404806900082024
19404806900082024
19404806900082024
19404806900082024
19404806900082024
19404806900082024
25442005900442024
25442005900442024
25442005900442024
25442005900442024
25442005900442024
98233305900522024
98233305900522024
98233305900522024
98233305900522024
25442005900442024
25442005900442024
98940306000552025
98940306000552025
98940306000552025
98940306000552025
17009206900032024
09250105902292024
09250105902292024
09250105902292024
09250105902292024
09250105902292024
09250105902292024
09250105902292024
09250105902292024
09250105902292024
09250105902292024
17009206900032024
17009206900032024
15871705900172024
98600106910742024
15849206000062024
15849206000062024
15849206000062024
15849206000062024
15849206000062024
15849206000062024
94300105910242024
15871705900172024
41300705900032024
41300705900032024
41300705900032024
53210105901502024
53210105901502024
15871705900172024
15871705900172024
15871705900172024
98084205900472024
98084205900472024
98084205900472024
98084205900472024
98084205900472024
98084205900472024
98084205900472024
98084205900472024
98084205900472024
98084205900472024
98084205900472024
98084205900472024
98084205900472024
98084205900472024
98084205900472024
98084205900472024
98084205900472024
98084205900472024
34303406000112024
34303406000112024
34303406000112024
34303406000112024
34303406000112024
78335006900432024
92692205904302024
92692205904302024
92692205904302024
98422306901362024
10233306913192024
10233306913192024
38010605900132024
92796405901912024
92796405901912024
38010605900132024
38010605900132024
38010605900132024
15813206002812024
38010605900132024
38010605900132024
38010605900132024
38010605900132024
38010605900132024
38010605900132024
38010605900132024
38010605900132024
38010605900132024
38010605900132024
15303507001072024
38010605900132024
38010605900132024
38010605900132024
38010605900132024
38010605900132024
10230706000702024
45016106009832024
38010605900132024
38010605900132024
38010605900132024
38010605900132024
38010605900132024
38010605900132024
38010605900132024
38010605900132024
38010605900132024
45016106009782024
45016106009782024
45016106009782024
45016106009782024
38010605900132024
38010605900132024
38010605900132024
38010605900132024
38010605900132024
38010605900132024
38010605900132024
38010605900132024
38010605900132024
98537306900142024
38010605900132024
38010605900132024
38010605900132024
38010605900132024
38010605900132024
38010605900132024
38010605900132024
38010605900132024
38010605900132024
38010605900132024
98791305900312024
98791305900312024
98791305900312024
98791305900312024
98791305900312024
98791305900312024
98791305900312024
98791305900312024
98791305900312024
98791305900312024
98791305900312024
98791305900312024
15307906904082024
15307906904082024
15307906904082024
15311406904192024
45307905903632024
45307905903632024
45307905903632024
45307905903632024
92806206900282024
08032406000012024
38951105900252024
38951105900252024
38951105900252024
38951105900532024
38951105900532024
38951105900532024
38951105900532024
38951105900532024
38951105900532024
34400106900112024
92546407002282024
92546407002282024
38951105900532024
38951105900532024
38951105900532024
38951105900532024
38951105900532024
19403506900062024
15303106002852024
98583307000172024
15831306900032024
93065107000182024
72030106900092024
92662507001002024
15591105900352024
34400205900152024
34400205900152024
34400205900152024
15307906903462024
15307906903462024
15307906903462024
15307906903462024
11320506903992024
11320506903992024
11320506903992024
11320506903992024
92676506000092024
11320506903632024
38926007000232024
53011006000072024
24010503900032024
24010505900042024
25702607001152024
92521206900322024
92521206900302024
15405407003182024
45386007002502024
15591105900402024
15591105900402024
15316707002232024
99661205900032024
78431105900022024
15300106000142024
15300106000142024
15300106000142024
15300106000142024
15300106000142024
15300106000142024
15300106000142024
15300106000142024
15300106000142024
15300106000142024
15300106000142024
15300106000142024
15300106000142024
15300106000142024
15300106000142024
15300106000142024
15300106000142024
15300106000142024
15300106000142024
15300106000142024
15300106000142024
15300106000142024
15300106000142024
15300106000142024
15300106000142024
15300106000142024
15300106000142024
15300106000142024
15300106000142024
15300106000142024
15300106000142024
15300106000142024
15300106000142024
15300106000142024
15300106000142024
15300106000142024
15300106000142024
15300106000142024
98749305900562024
98749305900562024
98749305900562024
98749305900562024
98749305900562024
98749305900562024
98749305900562024
98749305900562024
98749305900562024
98749305900562024
98749305900562024
98749305900562024
98749305900562024
98749305900562024
98749305900562024
98749305900562024
98749305900562024
98749305900562024
98749305900562024
98749305900552024
98749305900552024
98749305900442024
98749305900442024
98749305900442024
98749305900442024
98749305900442024
98749305900442024
98749305900442024
98749305900442024
98749305900442024
98749305900442024
98749305900442024
98749305900442024
98749305900442024
98749305900442024
98749305900442024
98749305900442024
98749305900442024
98749305900442024
98749305900442024
98749305900442024
98749305900442024
98749305900442024
98749305900442024
98749305900442024
98749305900442024
98749305900442024
98749305900442024
98749305900442024
98749305900442024
98749305900442024
98749305900442024
98749305900442024
98749305900442024
98749305900442024
98749305900442024
98749305900442024
98749305900442024
98749305900442024
98749305900442024
98749305900442024
98749305900442024
98749305900442024
98749305900442024
98749305900442024
98749305900442024
98749305900442024
98749305900442024
98749305900442024
98749305900442024
98749305900442024
98749305900442024
98749305900442024
98749305900442024
98749305900442024
98749305900442024
98749305900442024
98749305900442024
98749305900442024
98749305900442024
98749305900442024
98749305900442024
98749305900442024
98749305900442024
98749305900442024
98749305900442024
98749305900442024
98749305900442024
98749305900442024
98749305900442024
98749305900442024
98749305900442024
98749305900442024
98749305900442024
98749305900442024
98749305900442024
98749305900442024
98749305900442024
98749305900442024
98749305900442024
13007706900042024
13007706900042024
13007706900042024
08032005900012024
08032005900012024
08032005900012024
15812206004072024
98621905981202024
39300307002802024
98621905983432024
08032006900142024
15307906904682024
98940306001352024
98940306001352024
10213606900352024
10213606900352024
10213606900352024
10213606900352024
74001405900112024
74001405900112024
74001405900112024
74001405900112024
74001405900112024
74001405900112024
74001405900112024
74001405900112024
74001405900112024
74001405900112024
74001405900112024
74001405900112024
74001405900112024
74001405900112024
74001405900112024
74001405900112024
74001405900112024
74001405900112024
74001405900112024
74001405900112024
74001405900112024
74001405900112024
74001405900112024
74001405900112024
74001405900112024
74001405900112024
98567303900102024
99006306000082024
10214606941132024
10214606941132024
10214606941132024
10214606941132024
10214606941132024
54010107000292024
38922906900062024
25444507000352025
25444507000352025
25444507000352025
25444507000352025
25444507000352025
25444507000352025
25444507000352025
25444507000352025
25444507000352025
25444507000352025
45016106009862024
98600105010152023
98600105010152023
92505407012392024
45016106009822024
45016106009822024
45016106009822024
45016106009822024
45016106009822024
45016106009822024
45016106009822024
92716106900032023
15404705900442024
15404705900442024
15404705900442024
15404705900442024
15404705900442024
15404705900442024
15404705900442024
58000306900042024
58000306900042024
58000306900042024
58000306900042024
58000306900042024
58000306900042024
15512406900222024
15512406900222024
39301403902122024
16035606001182024
16035606001182024
16035606001182024
16035606001182024
16035606001182024
16035606001182024
12001405900112024
12001405900112024
12001405900112024
78480006900332024
78480006900332024
78480006900332024
78480006900332024
78480006900332024
78480006900332024
78480006900332024
78480006900332024
78480006900332024
78480006900332024
15871705900172024
78480006900332024
78480006900332024
78480006900332024
78480006900332024
78480006900332024
78480006900332024
78480006900332024
78480006900332024
78480006900332024
15871705900172024
15871705900172024
18037006000062024
18037006000062024
18037006000062024
18037006000062024
18037006000062024
18037006000062024
18037006000062024
15871705900172024
77130005901662024
15871705900172024
13005807001982024
15871705900172024
98705306900512024
13501605900072024
37330105904252024
37330105904252024
15871705900172024
15871705900172024
12120107000692024
38014505900462024
38014505900462024
93049105900182024
93049105900182024
93049105900182024
93049105900182024
93049105900182024
93049105900182024
93049105900182024
93049105900182024
93049105900182024
93049105900182024
10233906000492024
10233906000492024
10233906000492024
10233906000492024
10233906000492024
15405407003212024
45307906938522024
92505407012382024
45016106009842024
09017207000192024
09017207000192024
09017207000192024
15307906004582024
11321105900052024
11321105900052024
17019006000042024
92905306900102024
92905306900122024
92905306900122024
18031307000092024
92905306900132024
92905306900132024
92905306900132024
92905306900132024
15871705900172024
15871705900172024
15871705900172024
15871705900172024
15871705900172024
15871705900172024
15871705900172024
15871705900172024
93049105900182024
93049105900182024
93049105900182024
93049105900182024
93049105900182024
15871705900172024
15871705900172024
15871705900172024
15871705900172024
15871705900172024
15871705900172024
15871705900172024
15871705900172024
15871705900172024
15871705900172024
45016106009822024
45016106009822024
45016106009822024
45016106009822024
45016106009822024
45016106009822024
45016106009822024
92505407012392024
98600105010152023
98600105010152023
45016106009862024
25444507000352025
25444507000352025
25444507000352025
25444507000352025
25444507000352025
25444507000352025
25444507000352025
25444507000352025
25444507000352025
25444507000352025
38922906900062024
54010107000292024
10214606941132024
10214606941132024
10214606941132024
10214606941132024
10214606941132024
99006306000082024
98567303900102024
74001405900112024
74001405900112024
74001405900112024
74001405900112024
74001405900112024
74001405900112024
74001405900112024
74001405900112024
74001405900112024
74001405900112024
74001405900112024
74001405900112024
74001405900112024
74001405900112024
74001405900112024
74001405900112024
74001405900112024
74001405900112024
74001405900112024
74001405900112024
74001405900112024
74001405900112024
74001405900112024
74001405900112024
74001405900112024
74001405900112024
10213606900352024
10213606900352024
10213606900352024
10213606900352024
98940306001352024
98940306001352024
15307906904682024
08032006900142024
98621905983432024
39300307002802024
98621905981202024
15812206004072024
08032005900012024
08032005900012024
08032005900012024
13007706900042024
13007706900042024
13007706900042024
98621905983432024
98621905983432024
98556303901052024
98556303901052024
16035606001192024
16035606001192024
16035606001192024
18029806000442024
18029806000442024
18029806000442024
18029806000442024
18029806000442024
18029806000442024
18029806000442024
18029806000442024
18029806000442024
18029806000442024
18029806000442024
18029806000442024
18029806000442024
18029806000442024
18029806000442024
08028506000062024
98621905984322024
93135105900102024
98394905900472024
12001405900112024
12001405900112024
12001405900112024
12001405900112024
12001405900112024
12001405900112024
12001405900112024
12001405900112024
12001405900112024
12001405900112024
12001405900112024
12001405900112024
12001405900112024
12001405900112024
24012406000972024
18030105900152024
12001405900112024
12001405900112024
12001405900112024
12001405900112024
12001405900112024
25000505900182024
12001405900112024
12001405900112024
12001405900112024
12001405900112024
12001405900112024
12001405900112024
12001405900112024
12001405900112024
12001405900112024
12001405900112024
12001405900112024
12001405900112024
51018005900062024
16035606001142024
16035606001142024
16035606001142024
16035606001142024
16035606001142024
74001506901322024
74001506900912024
74001506900912024
74001506900912024
16035606001152024
16035606001152024
16035606001152024
16035606001152024
15501605900302024
15501605900302024
15501605900302024
15501605900302024
15501605900302024
15501605900302024
74001506900832024
45016106009852024
45016106009852024
45016106009852024
45016106009852024
45016106009852024
45016106009852024
74001506900832024
74001506900832024
74001506900832024
15501605900302024
78432000000132024
30300107901502023
15501605900392024
15501605900322024
92505705900102024
15501605900302024
15501605900302024
15501605900302024
15501605900302024
97400405900382024
93090206900052024
97400405900412024
97400405900412024
97400406900242024
38012605900282024
38012605900282024
38012605900282024
38012605900282024
38012605900282024
38012605900282024
38012605900282024
38012605900282024
38012605900282024
38012605900282024
38012605900282024
38012605900282024
38012605900282024
38012605900282024
38012605900282024
38012605900282024
38012605900282024
15461705900082024
38012605900282024
38012605900282024
19404507000622024
18017805900202024
16053605900082024
16053605900082024
16053605900082024
16053605900082024
16053605900082024
16053605900082024
16053605900082024
98621905983612024
16053605900082024
16053605900082024
16053605900082024
16053605900082024
16053605900082024
16053605900082024
16053605900082024
16053605900082024
16053605900082024
16053605900082024
16053605900082024
16053605900082024
16053605900082024
16053605900082024
16053605900082024
16053605900082024
16053605900082024
16053605900082024
16053605900082024
16053605900082024
16053605900082024
16053605900082024
16053605900082024
16053605900082024
16053605900082024
16053605900082024
16053605900082024
16053605900082024
16053605900082024
16053605900082024
16053605900082024
16053605900082024
16053605900082024
16053605900082024
16053605900082024
16053605900082024
16053605900082024
16053605900082024
16053605900082024
16053605900082024
16053605900082024
16053605900082024
16053605900082024
16053605900082024
16053605900082024
16053605900082024
16053605900082024
16053605900082024
16053605900082024
16053605900082024
16053605900082024
16053605900082024
16053605900082024
16053605900082024
16053605900082024
16053605900082024
16053605900082024
16053605900082024
15450305900652024
15450305900652024
15450305900652024
15450305900652024
15450305900652024
15450305900652024
15450305900652024
15450305900652024
15450305900652024
15450305900652024
15450305900652024
15450305900652024
15450305900652024
15450305900652024
15450305900652024
16053605900082024
16053605900082024
16053605900082024
16053605900082024
16053605900082024
16053605900082024
16053605900082024
16053605900082024
16053605900082024
16053605900082024
16053605900082024
16053605900082024
15812406901122024
16053605900082024
16053605900082024
16053605900082024
16053605900082024
16053605900082024
16053605900082024
16053605900082024
16053605900082024
16053605900082024
92510906900182024
47010105900022024
47010105900022024
15300106000142024
15300106000142024
15300106000142024
15300106000142024
15300106000142024
15300106000142024
15300106000142024
98749305900442024
98749305900442024
98749305900442024
98749305900442024
98749305900442024
98749305900442024
98749305900442024
98749305900442024
98749305900442024
98749305900442024
98749305900442024
98749305900442024
98749305900442024
98749305900442024
98749305900442024
98749305900442024
98749305900442024
98749305900442024
98749305900442024
98749305900442024
98749305900442024
98749305900442024
98749305900442024
98749305900442024
98749305900442024
98749305900442024
98749305900442024
98749305900442024
98749305900442024
98749305900442024
98749305900442024
98749305900442024
98749305900442024
98749305900442024
98749305900442024
98749305900442024
98749305900442024
98749305900442024
98749305900442024
98749305900442024
98749305900442024
98749305900442024
98749305900442024
98749305900442024
98749305900442024
98749305900442024
98749305900442024
98749305900552024
98749305900552024
98749305900562024
98749305900562024
98749305900562024
98749305900562024
98749305900562024
98749305900562024
98749305900562024
98749305900562024
98749305900562024
98749305900562024
98749305900562024
98749305900562024
98749305900562024
98749305900562024
98749305900562024
98749305900562024
98749305900562024
98749305900562024
98749305900562024
98749305900562024
98749305900562024
98749305900562024
98749305900562024
98749305900562024
98749305900562024
98749305900562024
98749305900152024
98749305900152024
98749305900152024
98749305900152024
98749305900152024
98749305900152024
98749305900152024
98749305900152024
98749305900662024
98749305900592024
98749305900712024
15300106000142024
15300106000142024
15300106000142024
15300106000142024
15300106000142024
15300106000142024
15300106000142024
15300106000142024
15300106000142024
15300106000142024
15300106000142024
15300106000142024
15300106000142024
15300106000142024
15300106000142024
15300106000142024
15300106000142024
15300106000142024
15300106000142024
15300106000142024
15300106000142024
15300106000142024
15300106000142024
15300106000142024
15300106000142024
15300106000142024
15300106000142024
78431105900022024
99661205900032024
15316707002232024
15591105900402024
15591105900402024
45386007002502024
15405407003182024
92521206900302024
92521206900322024
25702607001152024
24010505900042024
24010503900032024
53011006000072024
38926007000232024
11320506903632024
92676506000092024
11320506903992024
11320506903992024
11320506903992024
11320506903992024
15307906903462024
15307906903462024
15307906903462024
15307906903462024
34400205900152024
34400205900152024
34400205900152024
15591105900352024
92662507001002024
72030106900092024
93065107000182024
15831306900032024
98583307000172024
15303106002852024
19403506900062024
38951105900532024
38951105900532024
38951105900532024
38951105900532024
38951105900532024
92546407002282024
92546407002282024
34400106900112024
38951105900532024
38951105900532024
38951105900532024
38951105900532024
38951105900532024
38951105900532024
38951105900252024
38951105900252024
38951105900252024
08032406000012024
92806206900282024
45307905903632024
45307905903632024
45307905903632024
45307905903632024
15311406904192024
15307906904082024
15307906904082024
15307906904082024
15307906904082024
15307906904082024
15307906904082024
15307906904082024
15307906904082024
98444505901282024
98444505901282024
45307905914472024
98444505901282024
98444505901282024
98444505901282024
19404507000622024
19404507000622024
10214805900142024
10214805900142024
10214805900142024
10214805900142024
10214805900142024
10214805900142024
10214805900142024
10214805900142024
10214805900142024
10214805900142024
10214805900142024
10214805900142024
10214805900142024
10214805900142024
10214805900142024
10214805900142024
10214805900142024
10214805900142024
10214805900142024
10214805900142024
10214805900142024
10214805900142024
10214805900142024
10214805900142024
92505407012402024
38012605900282024
38012605900282024
98621905984462024
98621905984462024
98621905984462024
98621905984462024
98621905984462024
98621905984462024
98621905984462024
98621905984462024
98621905984462024
98621905984462024
98621905984462024
98621905984462024
98621905984462024
98621905984462024
98621905984462024
98621905984462024
98621905984462024
98621905984462024
98621905984462024
98621905984462024
98621905984462024
98621905984462024
98621905984462024
17019506900352024
15668706900382024
10214805900142024
10214805900142024
18017805900202024
18017805900202024
18017805900202024
18017805900202024
18017805900202024
18017805900202024
18017805900202024
18017805900202024
18017805900202024
18017805900202024
18017805900202024
18017805900202024
18017805900202024
18017805900202024
18017805900202024
18017805900202024
18017805900202024
18017805900202024
18017805900202024
18017805900202024
18017805900202024
18017805900202024
18017805900202024
18017805900202024
18017805900202024
18017805900202024
18017805900202024
18017805900202024
18017805900202024
18017805900202024
18017805900202024
18017805900202024
18017805900202024
18017805900202024
18017805900202024
18017805900202024
18017805900202024
18017805900202024
18017805900202024
18017805900202024
18017805900202024
18017805900202024
18017805900202024
18017805900202024
77130005900562024
77130005900562024
77130005900562024
92648305901122024
16017105900162024
16017105900162024
16017105900162024
16017105900162024
16017105900162024
16017105900162024
77130005900562024
16017105900162024
16017105900162024
10230706000722024
92714206000102024
93032405901472024
93032405901472024
93032405901472024
93032405901472024
93032405901472024
93032405901472024
93032405901472024
93032405901472024
93032405901472024
93032405901472024
92648305901322024
10232106900572024
92648305901322024
92648305901322024
92648305901322024
92648305901322024
92510206000642024
92648305901322024
92648305900952024
92648305900952024
92648305900952024
93040405991532024
15316306002922024
16800405900702024
98780505901082024
98780505901082024
98780505901082024
98780505901082024
98780505901082024
98780505901082024
98780505901082024
98780505901082024
98780505901082024
98780505901082024
98780505901082024
98780505901082024
98780505901082024
98780505901082024
98780505901082024
98780505901082024
98780505901082024
92987406900032023
38011605900172024
38011605900172024
38011605900172024
38011605900172024
38011605900182024
92553205900722024
92553205900722024
92553205900722024
92553205900722024
16042805900222024
16042805900222024
16042805900222024
16042805900222024
11040206900202024
98756307004072024
92553205900722024
92553205900722024
92728503000852024
08000105900702024
08000105900702024
08000105900702024
08000105900702024
08000105900702024
08000105900702024
08000105900702024
08000105900702024
08000105900702024
08000105900702024
08000105900702024
08000105900702024
08000105900702024
08000105900702024
08000105900702024
08000105900702024
08000105900702024
08000105900702024
08000105900702024
08000105900702024
08000105900702024
08000105900702024
08000105900702024
08000105900702024
08000105900702024
93146506000232024
93146506000232024
93146506000232024
93146506000232024
93146506000232024
93146506000232024
93146506000232024
93146506000232024
93146506000232024
93146506000232024
93146506000232024
93146506000232024
45840305900132024
45840305900132024
45840305900132024
45840305900132024
45840305900132024
45840305900132024
45840305900132024
45840305900132024
45840305900132024
45840305900132024
77130005900792024
15024706900052024
15024706900052024
08000407000702024
77130005900792024
99018905900022024
99018905900022024
45840305900132024
08110106000232024
77130005900792024
77130005900792024
15307907004602024
15512505900932024
15316506000872024
10232506000422024
15842506900292024
15842506900292024
15842506900292024
34400207000832024
38916606900122024
38916606900122024
38916606900122024
38916606900122024
38916606900122024
92595805901332024
38916606900122024
38916606900122024
38916606900122024
38916606900122024
38916606900122024
38916606900122024
38916606900122024
38916606900122024
38916606900122024
98845305901402024
98845305901402024
98845305901402024
98845305901402024
98845305901402024
98845305901402024
98845305901402024
98845305901402024
98845305901402024
98845305901402024
98845305901402024
98845305901402024
98845305901402024
98845305901402024
38916606900122024
38916606900122024
38916606900122024
38916606900122024
92595805901332024
98747105900692024
98747105900692024
98845305901232024
98845305901232024
98845305901232024
98845305901232024
98845305901232024
98845305901232024
98845305901232024
98845305901232024
98845305901232024
98845305901232024
98845305901232024
92595805901332024
25444507004442024
25444507004442024
25444507004442024
93040405994312024
98580105900672024
98580105900672024
98580105900672024
98580105900672024
98580105900672024
98580105900672024
98580105900672024
98749305900442024
98749305900442024
98749305900442024
98749305900442024
98749305900442024
98749305900442024
98749305900442024
98749305900442024
98749305900442024
98749305900442024
98749305900442024
98749305900442024
98749305900442024
98749305900442024
98749305900442024
98749305900442024
98749305900442024
98749305900442024
98749305900442024
98749305900442024
98749305900442024
98749305900442024
98749305900442024
98749305900442024
98749305900572024
98749305900572024
98749305900462024
98749305900362024
98749305900652024
98749305900182024
98749305900182024
98749305900182024
98749305900182024
98749305900182024
98749305900182024
98749305900182024
98749305900182024
98749305900182024
98749305900182024
98749305900182024
78431006900342024
78431006900322024
78431006900352024
45016105900882024
45016105900882024
45016105900882024
45016105900882024
45016105900882024
45016105900882024
45016105900882024
45016105900882024
45016105900882024
18039106000102024
18039106000102024
18039106000052024
92517507001362024
15668007000652024
92740107002452024
78820006900172024
78820006900172024
16036706000652024
75121306900042024
16036706000662024
16036706000662024
16036706000662024
37330105902862024
77100006000602024
10210106000362024
10230506000192024
10230506000192024
10230506000192024
10230506000192024
10230506000192024
10230506000192024
10230506000192024
29000207001062024
29000207001062024
29000207001062024
29000207001062024
10232506000412024
15812507006542024
93146506000232024
93146506000232024
93146506000232024
93146506000232024
93146506000232024
93146506000232024
12019507002962024
20040607901012023
13501605900142024
13501605900142024
13501605900142024
13501605900142024
13501605900142024
13501605900142024
13501605900142024
13501605900142024
13501605900142024
13501605900142024
92656206900282024
19402905900032024
19402905900032024
19402905900032024
19402905900032024
19402905900032024
19402905900032024
19402905900032024
19402905900032024
19402905900032024
19402905900032024
19402905900032024
19402905900032024
19402905900032024
19402905900032024
19402905900032024
19402905900032024
19402905900032024
19402905900032024
19402905900032024
19402905900032024
19402905900032024
19402905900032024
19402905900032024
19402905900032024
19402905900032024
19402905900032024
19402905900032024
19402905900032024
19402905900032024
19402905900032024
19402905900032024
19402905900032024
19402905900032024
19402905900032024
19402905900032024
19402905900032024
19402905900032024
19400906900092024
12019500000162024
13503203900022024
74100007000032025
78140206000232024
51067807001272024
93146506000242024
12001307001022024
10230306000402024
10230306000402024
10230306000402024
10230306000402024
10230306000402024
10230306000402024
10230306000402024
10230306000402024
10230306000402024
10230306000402024
10230306000412024
10230306000412024
10230306000412024
10230306000412024
10230306000412024
10230306000412024
10230306000412024
10230306000412024
10230306000412024
10230306000412024
10230306000412024
10230306000412024
10230306000412024
10230306000412024
10230306000412024
10230306000412024
10230306000412024
10230306000412024
10230306000412024
10230306000412024
10230306000412024
10230306000412024
10230306000422024
10230306000432024
10230306000432024
10230306000432024
10230306000432024
10230306000432024
10230306000432024
10230306000432024
10230306000432024
10230306000432024
10230306000432024
51067807001302024
38914407000322024
10211106000322024
10211106000322024
10211106000322024
10211106000322024
98583307000162024
16009106001262024
10230506000172024
15668706000242024
15668706000242024
15668706000242024
13501605900142024
13501605900142024
13501605900142024
13501605900142024
13501605900142024
13501605900142024
13501605900142024
13501605900142024
92656206900282024
13501605900142024
13501605900142024
13501605900142024
13501605900142024
13501605900142024
13501605900142024
13501605900142024
13501605900142024
13501605900142024
13501605900142024
13501605900142024
13501605900142024
13501605900142024
13501605900142024
13501605900142024
13501605900142024
13501605900142024
13501605900142024
13501605900142024
13501605900142024
13501605900142024
13501605900142024
13501605900142024
13501605900142024
13501605900142024
13501605900142024
13501605900142024
13501605900142024
13501605900142024
13501605900142024
13501605900142024
13501605900142024
13501605900142024
13501605900142024
13501605900142024
13501605900142024
13501605900142024
13501605900142024
13501605900142024
13501605900142024
13501605900142024
13501605900142024
13501605900142024
13501605900142024
13501605900142024
13501605900142024
13501605900142024
13501605900142024
13501605900142024
13501605900142024
13501605900142024
13501605900142024
13501605900142024
13501605900142024
13501605900142024
13501605900142024
13501605900142024
13501605900142024
13501605900142024
13501605900142024
13501605900142024
13501605900142024
13501605900142024
13501605900142024
13501605900142024
13501605900142024
13501605900142024
13501605900142024
13501605900142024
13501605900142024
13501605900142024
13501605900142024
13501605900142024
13501605900142024
13501605900142024
13501605900142024
13501605900142024
13501605900142024
13501605900142024
13501605900142024
13501605900142024
13501605900142024
99016406900182024
13501605900142024
92874706900042024
24012606000462024
78610006911092024
77130005900562024
77130005900562024
77130005900562024
77130005900562024
77130005900562024
77130005900562024
77130005900562024
77130005900562024
77130005900562024
77130005900562024
77130005900562024
77130005900562024
77130005900562024
77130005900562024
77130005900562024
77130005900562024
09003105900312024
09003105900312024
09003105900312024
09003105900312024
09003105900312024
09003105900312024
09003105900312024
09003105900312024
09003105900312024
77130005900562024
09003105900312024
77130005900562024
77130005900562024
13501605900142024
13501605900142024
13501605900142024
13501605900142024
13501605900142024
13501605900142024
13501605900142024
13501605900142024
13501605900142024
13501605900142024
13501605900142024
13501605900142024
13501605900142024
13501605900142024
92671706000082024
98749305900442024
98749305900442024
98749305900442024
98749305900442024
98749305900442024
15668706000242024
15668706000242024
15668706000242024
78512106000622024
78512106000622024
78512106000622024
78512106000622024
78512106000622024
78512106000622024
78512106000622024
78512106000622024
25700307004062024
10211106000332024
92513506000032024
11000107004672024
45379106000562024
45379106000562024
45379106000562024
45379106000562024
45379106000562024
45379106000562024
45379106000562024
10230306000412024
10230306000412024
10230306000412024
10230306000412024
10230306000412024
10230306000412024
10230306000412024
10230306000412024
10230306000412024
10230306000422024
10230306000432024
10230306000432024
45379106000562024
45379106000562024
45379106000562024
12001307000952025
51067807001282024
16009007000042024
15838206000112024
10230306000432024
10230306000432024
10230306000432024
10230306000432024
10230306000432024
10230306000432024
10230306000432024
10230306000432024
51067807001302024
38914407000322024
10211106000322024
10211106000322024
10211106000322024
10211106000322024
78512106000622024
78512106000622024
78512106000622024
78512106000622024
78512106000622024
78512106000622024
78512106000622024
78512106000622024
25700307004062024
10211106000332024
92513506000032024
11000107004672024
45379106000562024
45379106000562024
45379106000562024
45379106000562024
45379106000562024
45379106000562024
45379106000562024
45379106000562024
45379106000562024
45379106000562024
12001307000952025
51067807001282024
24011407000762024
92806206000022024
16009007000042024
51067807001962024
13010307000092024
13010307000092024
19402905900032024
45307905903632024
98591105900102024
99013805900022024
20037806000102023
15815107000502024
92979306900212024
76570006901362024
76570006901362024
99016406900182024
38027506900162024
92874706900042024
24012606000462024
78610006911092024
77130005900562024
77130005900562024
77130005900562024
77130005900562024
77130005900562024
77130005900562024
77130005900562024
77130005900562024
77130005900562024
77130005900562024
77130005900562024
77130005900562024
77130005900562024
77130005900562024
77130005900562024
77130005900562024
09003105900312024
09003105900312024
09003105900312024
09003105900312024
09003105900312024
09003105900312024
09003105900312024
09003105900312024
20032607003912025
20032607003912025
38023007000102024
38023007000102024
38023007000102024
38023007000102024
38023007000102024
38023007000102024
38023007000102024
38023007000102024
38023007000102024
38023007000102024
38023007000102024
38023007000102024
38023007000102024
38023007000102024
38023007000102024
38023007000102024
38023007000102024
38023007000102024
38023007000102024
38023007000102024
09260106003842024
09260106003842024
09260106003842024
09260106003862024
09260106003832024
09260106003832024
09260106003822024
18013306000792024
18013306000792024
18013306000792024
98476706001122024
98476706001122024
98476706001122024
98476706001122024
98476706001122024
98476706001122024
98476706001122024
98476706001122024
98476706001122024
98476706001122024
98476706001122024
98476706001122024
98476706001122024
98476706001122024
98476706001122024
98476706001122024
18013306000802024
18013306000802024
18013306000802024
18013306000802024
18013306000802024
13005807900312023
13005807900312023
13005807900312023
13005807900312023
12001307001122024
12019507003152024
51067807001962024
55000506003092024
55000506003092024
55000506003092024
55000506003092024
55000506003092024
55000506003092024
55000506003092024
55000506003092024
55000506003092024
55000506003092024
55000506003092024
55000506003092024
55000506003092024
55000506003092024
55000506003092024
55000506003092024
55000506003092024
55000506003092024
55000506003092024
55000506003092024
55000506003092024
55000506003092024
55000506003092024
55000506003092024
55000506003092024
55000506003092024
55000506003092024
55000506003092024
55000506003092024
55000506003092024
55000506003092024
55000506003092024
55000506003092024
55000506003092024
55000506003092024
55000506003092024
55000506003092024
55000506003092024
55000506003092024
55000506003092024
55000506003092024
55000506003092024
55000506003092024
55000506003092024
55000506003092024
55000506003092024
55000506003092024
55000506003092024
55000506003092024
55000506003092024
55000506003092024
55000506003092024
55000506003092024
55000506003092024
55000506003092024
55000506003092024
55000506003092024
55000506003092024
55000506003092024
55000506003092024
55000506003092024
55000506003092024
51067807001292024
15838206000112024
16009007000042024
25700307004062024
78512106000622024
78512106000622024
78512106000622024
09260106003852024
09260106003842024
09260106003842024
92512707000182024
92547407000552024
08000105900702024
08000105900702024
08000105900702024
08000105900702024
08000105900702024
08000105900702024
08000105900702024
08000105900702024
08000105900702024
08000105900702024
08000105900702024
08000105900702024
08000105900702024
08000105900702024
08000105900702024
08000105900702024
08000105900702024
08000105900702024
08000105900702024
08000105900702024
08000105900702024
08000105900702024
08000105900702024
08000105900702024
08000105900702024
08000105900702024
08000105900702024
08000105900702024
08000105900702024
08000105900702024
08000105900702024
08000105900702024
08000105900702024
08000105900702024
08000105900702024
08000105900702024
08000105900702024
17001006001172024
15303105900842024
15303105900842024
16044506900052023
16044506900052023
45016107009882024
15812207004102024
92987406900042023
10233606900962024
15307907004592024
77130005900792024
77130005900792024
15307906904712024
77130005900792024
77130005900792024
77130005900792024
77130005900792024
92864307000372024
38010105900102024
92733006900052024
09017005900352024
09017005900352024
09017005900352024
09017005900352024
09017005900352024
09017005900352024
09017005900352024
09017005900352024
09017005900352024
09017005900352024
09017005900352024
09017005900352024
09017005900352024
09017005900352024
09017005900352024
09017005900352024
09017005900352024
09017005900352024
09017005900352024
09017005900352024
09017005900352024
09017005900352024
09017005900352024
09017005900352024
09017005900352024
09017005900352024
09017005900352024
09017005900352024
09017005900352024
09017005900352024
09017005900352024
09017005900352024
99014706000312024
77130005900792024
77130005900792024
77130005900792024
77130005900792024
77130005900792024
77130005900792024
09017005900352024
09017005900352024
92648305901322024
93032405901472024
93032405901472024
93032405901472024
93032405901472024
93032405901472024
93032405901472024
93032405901472024
93032405901472024
93032405901472024
93032405901472024
92714206000102024
10230706000722024
16017105900162024
16017105900162024
77130005900562024
16017105900162024
16017105900162024
16017105900162024
16017105900162024
16017105900162024
16017105900162024
92648305901122024
77130005900562024
77130005900562024
77130005900562024
77130005900562024
92510206000632024
92648305901122024
92648305901122024
92648305901122024
92648305901122024
10231506900702024
10231506900702024
10231506900702024
92648305901122024
92648305901122024
92648305901122024
92648305901122024
92648305901122024
92648305901122024
92648305901122024
92648305901122024
92648305901122024
92648305901122024
92648305901122024
92648305901122024
92648305901122024
92648305901122024
92648305901122024
92648305901122024
92648305901122024
92648305901122024
92648305901122024
92648305901122024
92648305901122024
92648305901122024
92648305901122024
45016106009872024
45016106009872024
45016106009872024
45016106009872024
77130005900562024
98748905900892024
98748905900892024
98748905900892024
98748905900892024
98748905900892024
98748905900892024
98748905900892024
98748905900892024
77130005900562024
08000407000692024
77130005900562024
92665805900972024
92801007000422024
77130005900562024
77130005900562024
39000707000502024
92510205903522024
77130005900562024
77130005900562024
77130005900562024
77130005900562024
77130005900562024
77130005900562024
77130005900562024
77130005900562024
77130005900562024
77130005900562024
98092006900232024
98092006900232024
77130005900562024
77130005900562024
98092006900272024
98092006900272024
98092006900272024
77130005900562024
77130005900562024
07001107000672024
98257305900232024
98257305900232024
92595805901332024
98845305901392024
98845305901392024
98845305901432024
98845305901432024
98845305901432024
09014905900692024
10230406900342024
92595805901332024
18020905900192024
18020905900192024
38028306900102024
92595805901332024
18020905900192024
18020905900192024
18020905900192024
18020905900192024
24010407000432024
18020905900192024
18020905900192024
18020905900192024
18020905900192024
18020905900192024
08001406004132024
98444505911282024
18020905900192024
18020905900192024
18020905900192024
18020905900192024
18020905900192024
18020905900192024
11461706000782024
15435907002702024
16043406900232024
98845305900992024
98845305900992024
16043406900232024
16043406900232024
16043406900232024
16043406900232024
98845305901422024
92595805901332024
18020905900192024
92595805901332024
38945407000392024
15500805900452024
15500805900452024
15500805900452024
15500805900452024
15500805900452024
15500805900452024
18020905900192024
18020905900192024
18020905900192024
15500805900452024
15500805900452024
15500805900452024
18020905900192024
18020905900192024
18020905900192024
15500805900452024
15500805900452024
15500805900452024
15500805900452024
15500805900452024
15500805900452024
15500805900452024
15500805900452024
15500805900452024
15500805900452024
15500805900452024
15500805900452024
15500805900452024
15500805900452024
15500805900452024
15500805900452024
15500805900452024
15500805900452024
15500805900452024
15500805900452024
15500805900452024
15500805900452024
15500805900452024
15500805900452024
15500805900452024
15500805900452024
15500805900452024
15500805900452024
15500805900452024
15500805900452024
15500805900452024
15500805900452024
15500805900452024
15500805900452024
15500805900452024
34400207000852024
92595805901332024
18020905900192024
93013605900022024
93013605900022024
93013605900022024
93013605900022024
93013605900022024
93013605900022024
93013605900022024
93013605900022024
93013605900022024
93013605900022024
93013605900022024
93013605900022024
93013605900022024
93013605900022024
93013605900022024
93013605900022024
93013605900022024
93013605900022024
93013605900022024
93013605900022024
93013605900022024
93013605900022024
93013605900022024
93013605900022024
93013605900022024
93013605900022024
93013605900022024
93013605900022024
93013605900022024
93013605900022024
93013605900022024
93013605900022024
18018706900152024
92599805900542024
18018705900222024
18018705900262024
18018705900262024
92599805900542024
18018706900122024
18018706900122024
18018706900122024
18018706900122024
18018706900122024
09010205900522024
18018706900132024
18018706900132024
18018706900132024
98717105900162024
18018706900132024
18018706900132024
18018706900132024
18018706900132024
18018706900132024
18018706900132024
92753006000062024
08000105900932024
09010205900522024
92599805900542024
98717105900162024
98717105900162024
98717105900162024
98717105900162024
98717105900162024
39302906900072024
92599805900542024
98580105900532024
98580105900532024
98580105900532024
98580105900532024
98580105900532024
98580105900532024
98580105900532024
98580105900532024
98580105900532024
98580105900532024
98580105900532024
98580105900532024
98580105900532024
98580105900532024
98580105900532024
98580105900532024
98580105900532024
98580105900532024
98580105900532024
98580105900532024
98580105900532024
98580105900532024
98580105900532024
98580105900532024
98580105900532024
98580105900532024
98580105900532024
98580105900532024
98580105900532024
98580105900532024
98580105900532024
98580105900532024
98580105900532024
98580105900532024
98580105900532024
16014906900522024
16014906900522024
16014906900522024
16014906900522024
15325405000402023
15325405000402023
15325405000402023
16014906900522024
15325405000402023
16014906900522024
16014906900522024
16014906900522024
16014906900522024
16014906900522024
16014906900522024
15325405000402023
16014906900522024
15325405000402023
15325405000402023
15325405000402023
15325405000402023
15325405000402023
15325405000402023
16014906900522024
08027306900102024
08027306900102024
25003007000262024
51067807001502024
98054305900182024
98054305900182024
98054305900182024
98054305900182024
98054305900182024
98054305900182024
98054305900182024
98054305900182024
98054305900182024
98054305900182024
98054305900182024
98054305900182024
98054305900182024
98054305900182024
98054305900182024
09017705900702024
98054305900182024
98054305900182024
98054305900182024
98054305900182024
15325405000402023
15325405000402023
98054305900182024
15325405000402023
98054305900182024
98054305900182024
15325405000402023
15325405000402023
98054305900182024
98054305900182024
98054305900182024
98054305900182024
98054305900182024
98054305900182024
98054305900182024
98054305900182024
98054305900182024
98054305900182024
98054305900182024
98054305900182024
98054305900182024
98054305900182024
98054305900182024
98054305900182024
98054305900182024
98054305900182024
98054305900182024
98054305900182024
98054305900182024
15325405000402023
98054305900182024
15325405000402023
98054305900182024
98054305900182024
98054305900182024
98054305900182024
98054305900182024
98054305900182024
98054305900182024
98054305900182024
98054305900182024
98054305900182024
98054305900182024
98054305900182024
98054305900182024
98054305900182024
98054305900182024
98054305900182024
98054305900182024
98054305900182024
98054305900182024
98054305900182024
15325405000402023
15325405000402023
11461706000742024
15325405000402023
15325405000402023
15325405000402023
15325405000402023
15325405000402023
15325405000402023
15325405000402023
15325405000402023
15325405000402023
15325405000402023
15865807001492024
15325405000402023
15325405000402023
15325405000402023
15325405000402023
15325405000402023
15325405000402023
15325405000402023
15325405000402023
26221405900512024
26221405900512024
26221405900512024
26221405900512024
26221405900512024
26221405900512024
15325405000402023
15325405000402023
15325405000402023
15325405000402023
15325405000402023
15325405000402023
15325405000402023
15325405000402023
15325405000402023
15325405000402023
15325405000402023
15325405000402023
15325405000402023
15325405000402023
98710305901572024
98629106002752024
98629106002752024
98629106002752024
98629106002752024
16028306900222024
92667906900192024
16028306900222024
92667906900192024
16028306900222024
15325405000402023
15325405000402023
15325405000402023
15325405000402023
15325405000402023
15325405000402023
15325405000402023
15325405000402023
15325405000402023
15325405000402023
15325405000402023
15325405000402023
15325405000402023
15325405000402023
16028306900222024
24013706001302024
24013706001302024
16028306900222024
15325405000402023
15325405000402023
16028306900222024
15325405000402023
15325405000402023
15325405000402023
15325405000402023
15325405000402023
15325405000402023
15325405000402023
15325405000402023
15325405000402023
15325405000402023
15325405000402023
15325405000402023
15325405000402023
15325405000402023
15325405000402023
98054305900012024
15325405000402023
98054305900182024
98054305900182024
98054305900182024
98054305900182024
98054305900182024
98054305900182024
98054305900182024
98054305900182024
98054305900182024
09017705900702024
12064305900092024
12064305900092024
12064305900092024
12064305900092024
12064305900092024
12064305900092024
12064305900092024
12064305900092024
12064305900092024
12064305900092024
12064305900092024
12064305900092024
12064305900092024
12064305900092024
12064305900092024
12064305900092024
12064305900092024
12064305900092024
12064305900092024
12064305900092024
12064305900092024
12064305900092024
12064305900092024
12064305900092024
15325406902842024
08000105900932024
98580105900532024
98580105900532024
98580105900532024
98580105900532024
98580105900532024
98580105900532024
98580105900532024
98580105900532024
98580105900532024
98580105900532024
98580105900532024
98580105900532024
98580105900532024
98580105900532024
98580105900532024
98580105900532024
98580105900532024
98580105900532024
98580105900532024
98580105900532024
98580105900532024
98580105900532024
98580105900532024
98580105900532024
98580105900532024
98580105900532024
98580105900532024
98580105900532024
98580105900532024
98580105900532024
98580105900532024
98580105900532024
98580105900532024
98580105900532024
98580105900532024
98580105900532024
98580105900532024
98580105900532024
98580105900532024
98580105900532024
98580105900532024
98580105900532024
92599805900542024
39302906900072024
98717105900162024
98717105900162024
98717105900162024
98717105900162024
98717105900162024
92599805900542024
09010205900522024
08000105900932024
92753006000062024
18018706900132024
18018706900132024
18018706900132024
18018706900132024
18018706900132024
18018706900132024
98717105900162024
18018706900132024
18018706900132024
18018706900132024
09010205900522024
18018706900122024
18018706900122024
18018706900122024
18018706900122024
18018706900122024
92599805900542024
18018705900262024
18018705900262024
18018705900222024
92599805900542024
18020905900192024
18020905900192024
18020905900192024
18020905900192024
18020905900192024
18020905900192024
18020905900192024
18020905900192024
18020905900192024
18020905900192024
18020905900192024
18020905900192024
18020905900192024
18020905900192024
18020905900192024
18020905900192024
93127106900202024
93127106900202024
98629105902132024
98629105902132024
98629105902132024
98629105902132024
98629105902132024
98629105902132024
98629105902132024
98629105902132024
98629105902132024
98629105902132024
98629105902132024
98629105902132024
98629105902132024
98629105902132024
98629105902132024
93127106900202024
98629105902132024
98629105902132024
98629105902132024
92676905901362024
92676905901362024
92676905901362024
92676905901362024
92676905901362024
92757105900282024
92757105900282024
92757105900282024
92757105900282024
92757105900282024
92757105900282024
92757105900282024
92757105900282024
92757105900282024
92757105900282024
92757105900282024
92757105900282024
92757105900282024
92757105900282024
92757105900282024
92757105900282024
92757105900282024
92757105900282024
92757105900282024
15307906004612024
98629105902132024
98629105902132024
98629105902132024
15441907000442024
98566103900092024
15483906000672024
15483906000672024
15483906000672024
15483906000672024
15483906000672024
15483906000672024
92595805901332024
45016107005132025
45016107005132025
10232205900232024
92595805901332024
92599805900542024
92595805901332024
92599805900542024
92599805900542024
08000105900912024
92599805900542024
92696007000172024
92599805900542024
15404706900542024
15404706900542024
15404706900542024
15404706900542024
15404706900542024
10231306900492024
92599805900542024
93013605900022024
93013605900022024
93013605900022024
93013605900022024
93013605900022024
93013605900022024
93013605900022024
92647805900492024
92647805900492024
92647805900492024
92647805900492024
92647805900492024
92647805900492024
92647805900492024
92647805900492024
92647805900492024
92647805900492024
92647805900492024
92647805900492024
92647805900492024
92647805900492024
92647805900492024
92647805900492024
92647805900492024
92647805900492024
92647805900492024
92647805900492024
92647805900492024
92647805900492024
92647805900492024
92647805900492024
92647805900492024
92647805900492024
92647805900492024
92647805900492024
92647805900492024
92647805900492024
92647805900492024
92647805900492024
92647805900492024
92647805900492024
92647805900492024
92647805900492024
92647805900492024
92647805900492024
92647805900492024
92647805900492024
92647805900492024
92647805900492024
92647805900492024
92647805900492024
92647805900492024
92647805900492024
92647805900492024
92647805900492024
92647805900492024
92647805900492024
92647805900492024
92647805900492024
92647805900492024
92647805900492024
92647805900492024
92647805900492024
92647805900492024
92647805900492024
92647805900492024
92647805900492024
92647805900492024
92647805900492024
92647805900492024
92647805900492024
92647805900492024
92647805900492024
92647805900492024
92647805900492024
92647805900492024
92647805900492024
92647805900492024
92647805900492024
92647805900492024
92647805900492024
92647805900492024
92647805900492024
92647805900492024
92647805900492024
92647805900492024
92647805900492024
92647805900492024
92647805900492024
92647805900492024
92647805900492024
92647805900492024
92647805900492024
92647805900492024
92647805900492024
92647805900492024
92647805900492024
92647805900492024
92647805900492024
92647805900492024
92647805900492024
92647805900492024
09230105904672024
09230105904672024
09230105904672024
09230105904672024
99015903900022024
15325405000402023
15325405000402023
15325405000402023
98888105900352024
98888105900352024
15325405000402023
26221405900482024
98888105900352024
98888105900352024
15325405000402023
15325405000402023
15325405000402023
15325405000402023
15325405000402023
15325405000402023
15325405000402023
15325405000402023
15325405000402023
15325405000402023
92672005900172024
92672005900172024
92672005900172024
92672005900172024
92672005900172024
92672005900172024
92672005900172024
92672005900172024
15325405000402023
15325405000402023
15325405000402023
15325405000402023
15325405000402023
15325405000402023
15325405000402023
15325405000402023
15316406005312024
26221405900462024
26221405900462024
26221405900462024
17010006900112024
17010006900112024
39301206000392024
18010906900152024
15325405000402023
15325405000402023
15325405000402023
15325405000402023
15325405000402023
15325405000402023
15325405000402023
15325405000402023
15325405000402023
09017705900922024
09017705900922024
09017705900922024
09017705900922024
09017705900922024
09017705900922024
09017705900922024
09017705900922024
09017705900922024
09017705900922024
09017705900922024
09017705900922024
09017705900922024
09017705900922024
09017705900922024
09017705900922024
09017705900922024
09017705900922024
09017705900922024
09017705900922024
09017705900922024
09017705900922024
09017705900922024
09017705900922024
09017705900922024
09017705900922024
09017705900922024
09017705900922024
09017705900922024
16014906900522024
16014906900522024
16014906900522024
16014906900522024
16014906900522024
16014906900522024
15325405000402023
15325405000402023
15325405000402023
15325405000402023
16014906900522024
15325405000402023
15325405000402023
15325405000402023
15325405000402023
15325405000402023
16014906900522024
16014906900522024
16014906900522024
15325405000402023
16017606900342024
15325405000402023
15325405000402023
15325405000402023
15325405000402023
15325405000402023
15325405000402023
15325405000402023
15325405000402023
15325405000402023
16028306900222024
15325405000402023
15325405000402023
15325405000402023
15325405000402023
16028306900222024
16028306900222024
16028306900222024
16028306900222024
24013706001302024
24013706001302024
16028306900222024
15325405000402023
15325405000402023
15325405000402023
15325405000402023
15325405000402023
15325405000402023
15325405000402023
15325405000402023
15325405000402023
15325405000402023
15325405000402023
15325405000402023
15325405000402023
15325405000402023
16028306900222024
92667906900192024
16028306900222024
92667906900192024
16028306900222024
98629106002752024
98629106002752024
98629106002752024
98629106002752024
98710305901572024
15325405000402023
15325405000402023
15325405000402023
15325405000402023
15325405000402023
15325405000402023
15325405000402023
15325405000402023
15325405000402023
15325405000402023
15325405000402023
15325405000402023
15325405000402023
15325405000402023
15325405000402023
26221405900512024
26221405900512024
26221405900512024
26221405900512024
26221405900512024
26221405900512024
26221405900512024
26221405900512024
26221405900512024
26221405900512024
26221405900512024
26221405900512024
93080006000982024
93080006000982024
15325405000402023
15325405000402023
15325405000402023
15325405000402023
15325405000402023
15325405000402023
15325405000402023
15325405000402023
15325405000402023
15865807001492024
15325405000402023
15325405000402023
15325405000402023
15325405000402023
15325405000402023
15325405000402023
15325405000402023
15325405000402023
15325405000402023
15325405000402023
11461706000742024
15325405000402023
15325405000402023
15325405000402023
15325405000402023
15325405000402023
15325405000402023
92601706900132024
16035906000332024
16035906000332024
15325405000402023
15325405000402023
15325405000402023
15325405000402023
15325405000402023
15325405000402023
15325405000402023
15325405000402023
15325405000402023
15325405000402023
92837606900112024
15325405000402023
15325405000402023
15325405000402023
15325405000402023
15325405000402023
15325405000402023
38917207000232024
15325405000402023
15325405000402023
15325405000402023
15325405000402023
15325405000402023
15325405000402023
15325405000402023
15325405000402023
15325405000402023
15325405000402023
38933406900272024
38933406900272024
38933406900272024
38013406900612024
38933406900272024
38013406900612024
38933406900272024
38013406900612024
38013406900612024
38933406900272024
38933406900272024
38933406900272024
15325405000402023
38933406900272024
38933406900272024
38933406900272024
38933406900272024
38933406900272024
38933406900272024
38933406900272024
38933406900272024
38933406900272024
38933406900272024
38933406900272024
38933406900272024
38933406900272024
38933406900272024
38933406900272024
15325405000402023
15325405000402023
15325405000402023
15325405000402023
15325405000402023
15325405000402023
15325405000402023
15325405000402023
15325405000402023
15325405000402023
38933406900272024
38933406900272024
38933406900272024
16002005900092024
16002005900092024
16002005900092024
16002005900092024
16002005900092024
16002005900092024
16002005900092024
16002005900092024
16002005900092024
16002005900092024
16002005900092024
16002005900092024
16002005900092024
16002005900092024
16002005900092024
16002005900092024
16002005900092024
16002005900092024
16002005900092024
16002005900092024
16002005900092024
16002005900092024
16002005900092024
16002005900092024
16002005900092024
15325405000402023
15325405000402023
15325405000402023
15325405000402023
92665806900132024
92609206000052024
38027005900132024
38027005900132024
38027005900132024
38027005900132024
38027005900132024
38027005900132024
38027005900132024
38027005900132024
38027005900132024
38027005900132024
38027005900132024
38027005900132024
38027005900132024
38027005900132024
38027005900132024
38027005900132024
38027005900132024
38027005900132024
38027005900132024
38027005900132024
38027005900132024
38027005900132024
38027005900132024
15325405000402023
15325405000402023
15325405000402023
15325405000402023
15325405000402023
15325405000402023
15325405000402023
15325405000402023
15325405000402023
93105906000082024
15841706000462024
15841706000462024
15841706000462024
15841706000462024
15305206004802024
25005707002732024
15325405000402023
15325405000402023
15325405000402023
15325405000402023
15325405000402023
15325405000402023
15325405000402023
15325405000402023
15325405000402023
15325405000402023
15325405000402023
15325405000402023
15325405000402023
15325405000402023
15325405000402023
18031505900042024
18031505900042024
18031505900042024
18031505900042024
18031505900042024
18031505900042024
18031505900042024
38027005900132024
15325405000402023
15325405000402023
15325405000402023
15325405000402023
15325405000402023
15325405000402023
15325405000402023
15325405000402023
15325405000402023
18010706900102024
15325405000402023
15325405000402023
15325405000402023
15325405000402023
15325405000402023
15325405000402023
15325405000402023
15325405000402023
15325405000402023
38017606900222024
38017606900222024
38017606900222024
38017606900222024
38017606900222024
09020106003782024
15325405000402023
15325405000402023
15325405000402023
15325405000402023
15325405000402023
15325405000402023
15325405000402023
16002005900092024
16002005900092024
16002005900092024
16002005900092024
16002005900092024
16002005900092024
16002005900092024
16002005900092024
16002005900092024
16002005900092024
16002005900092024
16002005900092024
16002005900092024
16002005900092024
16002005900092024
16002005900092024
16002005900092024
16002005900092024
16002005900092024
16002005900092024
16002005900092024
16002005900092024
16002005900092024
16002005900092024
16002005900092024
16002005900092024
16002005900092024
16002005900092024
16002005900092024
35012206900032024
35012206900032024
15325405000402023
15325405000402023
15325405000402023
15325405000402023
15325405000402023
15325405000402023
15325405000402023
15325405000402023
15325405000402023
16016806900222024
15307907004622024
35012206900032024
09230105904842024
93105406000042024
15325405000402023
15325405000402023
15325405000402023
15325405000402023
15325405000402023
15325405000402023
15325405000402023
15325405000402023
15325405000402023
15325405000402023
10232405900242024
35012206900032024
45769706000132024
35012206900032024
15325405000402023
15325405000402023
15325405000402023
15325405000402023
15325405000402023
15325405000402023
15325405000402023
15325405000402023
35012206900032024
35012206900032024
09230105904082024
09230105904082024
35012206900032024
15325405000402023
15325405000402023
15325405000402023
15325405000402023
15325405000402023
15325405000402023
15325405000402023
15325405000402023
15325405000402023
15325405000402023
34400107900892023
09230105904452024
09230105904452024
09230105904452024
35012206900032024
09020105901142024
38910105900122024
35012206900032024
18030205900252024
92672206900212024
35012206900032024
35012206900032024
92918806900202024
16800307000862024
09230105903932024
09230105903932024
09230105903932024
35012206900032024
15512505900792024
15512505900792024
15512505900792024
15512505900792024
15512505900792024
15512505900792024
15512505900792024
15512505900792024
15512505900792024
15512505900792024
15512505900792024
15512505900792024
15512505900792024
15512505900792024
15512505900792024
15512505900792024
15512505900792024
15512505900792024
15512505900792024
15512505900792024
15512505900792024
15512505900792024
15512505900792024
15512505900792024
15512505900792024
15512505900792024
15512505900792024
15512505900792024
15512505900792024
15512505900792024
15512505900792024
15512505900792024
15512505900792024
15512505900792024
15512505900792024
15512505900792024
15512505900792024
15512505900792024
15512505900792024
15512505900792024
38026606000292024
98092105900092024
08000906000862024
18027305900132024
18027305900132024
18027305900132024
93005606000082024
15502105900112024
98585307002212024
15841706000492024
92608405900532024
92608405900532024
92608405900532024
92608405900532024
92608405900532024
10230206900812024
10230206900812024
10230206900812024
10230206900812024
10230206900812024
10230206900812024
10230206900812024
10230206900812024
10230206900812024
10230206900812024
10230206900812024
10230206900812024
10230206900812024
10230206900812024
10230206900812024
10230206900812024
10230206900812024
10230206900812024
10230206900812024
10230206900812024
10230206900812024
10230206900812024
10230206900812024
10230206900812024
10230206900812024
10230206900812024
10230206900812024
10230206900812024
79119106900872024
20002206000032024
39301006001802024
39301006001802024
39301006001802024
20020206900202024
20020206900202024
15667807002192024
92608405900532024
92608405900532024
92608405900532024
92608405900532024
92608405900532024
92608405900532024
92608405900532024
92608405900532024
92608405900532024
94300105904232024
16035907000222025
92819407000092024
16024906900282024
98549505900482024
16003905900182024
38023406900172024
38023406900172024
16003905900182024
20020206900182024
11461706000712024
15306505900092024
94300105019692023
92608405900532024
94300105019692023
45371906900032024
09230105904642024
09230105904642024
09230105904642024
09230105904642024
09230105904642024
09230105904642024
09230105904642024
09230105904642024
16003905900272024
16003905900272024
16003905900272024
16003905900272024
16003905900272024
09230105904922024
09230105904922024
09230105904922024
09230105904922024
09230105904922024
09230105904922024
12063205900562024
12063205900562024
12063205900562024
12063205900562024
12063205900562024
12063205900562024
12063205900562024
12063205900562024
15306505900092024
98054305900022024
98054305900022024
98054305900022024
98054305900022024
98054305900022024
98054305900022024
98054305900022024
98054305900022024
98054305900022024
98054305900022024
98054305900022024
98054305900022024
98054305900022024
98054305900022024
98054305900022024
98054305900022024
98054305900022024
98054305900022024
98054305900022024
98054305900022024
94300105904092024
94300105904092024
94300105904092024
94300105904092024
94300105904092024
94300105904092024
94300105904092024
94300105904092024
94300105904092024
94300105904092024
94300105904092024
94300105904092024
94300105904092024
94300105904092024
94300105904092024
94300105904092024
94300105904092024
94300105904092024
94300105904092024
94300105904092024
94300105904092024
94300105904092024
94300105904092024
94300105904092024
94300105904092024
94300105904092024
92647805900492024
92647805900492024
92647805900492024
92647805900492024
92647805900492024
92647805900492024
92647805900492024
92647805900492024
92647805900492024
92647805900492024
98054305900052024
10230305900062024
09230105904882024
09230105904882024
09230105904882024
09230105904962024
92756007000172024
92756007000172024
08000805900222024
08000805900222024
98140303900022024
17020706900162024
15813407000662024
92608405900532024
99006906900082024
98692105900192024
98692105900192024
98692105900192024
98692105900192024
98692105900192024
98692105900192024
98692105900192024
98692105900192024
98692105900192024
98692105900192024
38350007000372024
16036506900932024
92546007000492024
98692105900192024
98692105900192024
98692105900192024
98692105900192024
98692105900192024
98692105900192024
98692105900192024
98692105900192024
99006906900122024
15303006902352024
10231206000362024
38913306900432024
25005206005962024
92586606000242024
15831305900042024
10231006900702024
10231006900702024
10231006900702024
10231006900702024
92542507001152024
15812305900882024
15812305900882024
15812305900882024
15812305900882024
93046905900142024
15544005900032024
15544005900032024
15544005900032024
15544005900032024
15544005900032024
15544005900032024
15544005900032024
15544005900032024
15544005900032024
15544005900032024
15544005900032024
15544005900032024
15544005900032024
45228605900832024
45228605900832024
45228605900832024
11040405000272023
98430507000542024
92626205900062024
92626205900062024
92626205900062024
92626205900062024
98692106901002024
98692106901002024
93111406900032024
93111406900032024
20014106900152024
12007205900212024
12007205900212024
12007205900212024
92665405900072024
92665405900072024
92665405900072024
92665405900072024
92665405900072024
92665405900072024
92665405900072024
92665405900072024
92665405900072024
92665405900072024
92665405900072024
92665405900072024
92665405900072024
92665405900072024
92665405900072024
92665405900072024
92665405900072024
15544005900032024
15544005900032024
15544005900032024
15544005900032024
15544005900032024
15544005900032024
15544005900032024
15544005900032024
15544005900032024
15544005900032024
15544005900032024
15544005900032024
15544005900032024
15544005900032024
15544005900032024
15544005900032024
15800906002662024
18016006900782024
18016006900782024
18016006900782024
98647707001512024
98647707001512024
15316305900732024
15837007000172024
91084705001392023
98125305900432024
92546507000412024
09014105902772024
09014105902772024
98662905900302024
98662905900302024
92665405900462024
92665405900462024
92665405900462024
92665405900072024
92665405900072024
92665405900072024
92665405900072024
92665405900072024
92665405900072024
92665405900072024
92665405900072024
92665405900072024
92665405900072024
92665405900072024
92665405900072024
92665405900072024
92665405900072024
92665405900072024
92665405900072024
92665405900072024
92665405900072024
92665405900072024
92665405900072024
92665405900072024
92665405900072024
92665405900072024
92665405900072024
92665405900072024
92665405900072024
92665405900072024
92665405900072024
92665405900072024
92665405900072024
92665405900072024
92665405900072024
92665405900072024
92665405900072024
92665405900072024
92665405900072024
92665405900072024
92665405900072024
92665405900072024
92665405900072024
92665405900072024
92665405900072024
92665405900072024
92665405900072024
92665405900072024
92665405900072024
45228605900832024
45228605900832024
45228605900832024
11040405000272023
98430507000542024
92626205900062024
92626205900062024
92626205900062024
92626205900062024
98692106901002024
98692106901002024
93111406900032024
93111406900032024
20014106900152024
12007205900212024
12007205900212024
12007205900212024
94300105903942024
94300105903942024
94300105903942024
15813905900402024
92761706000022024
16024206900072024
15813307000032024
45318707000872024
98292905900032024
98292905900032024
98292905900032024
98292905900032024
15813905900402024
92609706900862024
94300105903942024
98292107001442024
38024605900122024
38024605900122024
92611506900232024
92611506900232024
92611506900232024
92665805900892024
92665805900892024
92665805900892024
92611506900232024
92665805900892024
92665805900892024
92665805900892024
92665805900892024
92665805900892024
92665805900892024
92611506900232024
38024605900122024
09020106003792024
15307906904782024
92611905901892024
92611905901892024
92611905901892024
38024605900122024
92665805900892024
92665805900892024
92611905901892024
92611905901892024
92611905901892024
92611905901892024
92611905901892024
92611905901892024
92611905901892024
12001607000542024
12001607000542024
12001607000542024
12001607000542024
99021806912002024
45228605900972024
92611905901892024
92611905901892024
92611905901892024
92611905901892024
09000806000382024
18018905900212024
18018905900212024
18018905900212024
13110107001012024
98756307004082024
45228605900972024
45228605900972024
98269105900682024
98269105900682024
98269105900682024
98269105900682024
45016106009892024
10211206000182024
92819406000102024
92819406000102024
98351505900692024
98748905901222024
98748905901222024
98748905901222024
98748905901222024
10211206000162024
92505407012422024
98351505900692024
98242706901592024
09018005900102024
25444506004502024
16024906900312024
98629107002762024
15800905900482024
11461706000722024
45052205900982024
92545307000062024
92545307000062024
45228605900832024
92626205900062024
92626205900062024
92626205900062024
92626205900062024
92626205900062024
92626205900062024
92626205900062024
92626205900062024
92626205900062024
92626205900062024
15544005900032024
15812305900882024
15544005900032024
15544005900032024
15544005900032024
15544005900032024
15544005900032024
15544005900032024
15544005900032024
15544005900032024
15544005900032024
38024605900122024
38024605900122024
39302706000122024
12007205900212024
15544005900032024
15544005900032024
15544005900032024
15544005900032024
15544005900032024
15544005900032024
15544005900032024
15544005900032024
15544005900032024
15544005900032024
15544005900032024
15544005900032024
15544005900032024
15544005900032024
15544005900032024
15544005900032024
15544005900032024
15544005900032024
15544005900032024
15544005900032024
15544005900032024
15544005900032024
15544005900032024
15544005900032024
15544005900032024
15544005900032024
93046905900142024
15812305900882024
15812305900882024
15812305900882024
15812305900882024
92542507001152024
10231006900702024
10231006900702024
10231006900702024
10231006900702024
15831305900042024
92586606000242024
25005206005962024
38913306900432024
98692105900192024
98692105900192024
98692105900192024
98692105900192024
98692105900192024
98692105900192024
98692105900192024
92546007000492024
16036506900932024
38350007000372024
98692105900192024
98692105900192024
98692105900192024
98692105900192024
98692105900192024
98692105900192024
98692105900192024
98692105900192024
98692105900192024
98692105900192024
99006906900082024
15888606900152024
15888606900152024
15888606900152024
98782305901002024
15404705900542024
15404705900542024
92608405900532024
15813407000662024
17020706900162024
98140303900022024
08000805900222024
08000805900222024
92756007000172024
92756007000172024
09230105904962024
09230105904882024
09230105904882024
09230105904882024
10230305900062024
98054305900052024
99015903900022024
09230105904672024
09230105904672024
09230105904672024
92608405900532024
92608405900532024
92608405900532024
92608405900532024
92608405900532024
92608405900532024
92608405900532024
92608405900532024
92608405900532024
92608405900532024
92608405900532024
92608405900532024
92608405900532024
92608405900532024
92608405900532024
92608405900532024
92608405900532024
92608405900532024
92608405900532024
92608405900532024
92608405900532024
92608405900532024
92608405900532024
92608405900532024
92608405900532024
92608405900532024
92608405900532024
92608405900532024
92608405900532024
92608405900532024
92608405900532024
92608405900532024
92608405900532024
92608405900532024
92608405900532024
92608405900532024
92608405900532024
92608405900532024
92608405900532024
94300105904232024
94300105904232024
94300105904232024
94300105904232024
94300105904232024
94300105904232024
94300105904232024
94300105904232024
94300105904232024
94300105904232024
94300105904232024
94300105904232024
94300105904232024
94300105904232024
94300105904232024
94300105904232024
94300105904232024
94300105904232024
94300105904232024
94300105904232024
94300105904232024
94300105904232024
94300105904232024
94300105904232024
94300105904232024
94300105904232024
94300105904232024
94300105904232024
94300105904232024
94300105904232024
94300105904232024
94300105904232024
94300105904232024
94300105904232024
94300105904232024
94300105904232024
94300105904232024
94300105904232024
94300105904232024
94300105904232024
94300105904232024
94300105904232024
94300105904232024
94300105904232024
94300105904232024
94300105904232024
94300105904232024
94300105904232024
94300105904232024
94300105904232024
94300105904232024
94300105904232024
94300105904232024
94300105904232024
94300105904232024
94300105904232024
94300105904232024
94300105904232024
94300105904232024
94300105904232024
94300105904232024
35012206900032024
45695306900522024
09230105904662024
15325406902672024
15325406902672024
92686405900152024
38932105900222024
09230105903932024
09230105903932024
16011806000512025
92540207001602024
98430505900782024
98430505900782024
98430505900782024
98430505900782024
98430505900782024
98430505900782024
98430505900782024
98430505900782024
98430505900782024
09230105904662024
15325406902672024
15325406902672024
15325406902672024
15325406902672024
15325406902672024
15325406902672024
15325406902672024
15325406902672024
15325406902672024
92686405900162024
15842006900122024
92686405900152024
15325406902672024
15325406902672024
15325406902672024
15325406902672024
15325406902672024
92627107000312024
92987406000062024
92537305005572023
92537305005572023
09230105904822024
09230105904822024
09220105902762024
09220105902762024
09220105902762024
09220105902662024
92537305005572023
92537305005572023
92537305005572023
11460606000072024
09230105904822024
15813405900212024
15813405900212024
15813405900212024
15813405900212024
15813405900212024
15813405900212024
15813405900212024
15813405900212024
15813405900212024
15813405900212024
15813405900212024
15813405900212024
15813405900212024
15813405900212024
15813405900212024
15813405900212024
15813405900212024
15813405900212024
15813405900212024
15813405900212024
15813405900212024
15813405900212024
15813405900212024
15813405900212024
15813405900212024
15813405900212024
15813405900212024
15813405900212024
15813405900212024
15813405900212024
15813405900212024
15813405900212024
15813405900212024
15813405900212024
15813405900212024
15813405900212024
15813405900212024
15813405900212024
15813405900212024
15813405900212024
15813405900212024
15813405900212024
15813405900212024
15813405900212024
15512505900792024
15512505900792024
15512505900792024
12007205900212024
98092106900862024
53210105902772024
18030606900132024
18030606900132024
18030606900132024
12007205900212024
12007205900212024
12007205900212024
12007205900212024
12007205900212024
12007205900212024
12007205900212024
12007205900212024
12007205900212024
12007205900212024
12007205900212024
12007205900212024
12007205900212024
12007205900212024
12007205900212024
12007205900212024
12007205900212024
12007205900212024
12007205900212024
12007205900212024
12007205900212024
12007205900212024
12007205900212024
12007205900212024
12007205900212024
12007205900212024
12007205900212024
12007205900212024
12007205900212024
12007205900212024
12007205900212024
12007205900212024
12007205900212024
12007205900212024
12007205900212024
12007205900212024
12007205900212024
12007205900212024
12007205900212024
12007205900212024
12007205900212024
12007205900212024
12007205900212024
12007205900212024
12007205900212024
12007205900212024
12007205900212024
12007205900212024
12007205900212024
12007205900212024
12007205900212024
12007205900212024
12007205900212024
12007205900212024
12007205900212024
12007205900212024
12007205900212024
12007205900212024
12007205900212024
12007205900212024
12007205900212024
12007205900212024
12007205900212024
12007205900212024
12007205900212024
12007205900212024
12007205900212024
12007205900212024
12007205900212024
12007205900212024
12007205900212024
12007205900212024
12007205900212024
12007205900212024
12007205900212024
12007205900212024
12007205900212024
12007205900212024
12007205900212024
12007205900212024
12007205900212024
12007205900212024
12007205900212024
12007205900212024
12007205900212024
12007205900212024
12007205900212024
12007205900212024
12007205900212024
12007205900212024
12007205900212024
12007205900212024
12007205900212024
12007205900212024
10211206000172024
92626205900062024
98030303000332024
10211206000172024
10211206000172024
10211206000172024
10211206000172024
98709105900172024
25002907000062024
98412305940992024
98709105900222024
98709105900222024
92626205900062024
25445006000542024
11320506002572024
45228606900532024
12062805901182024
12062805901182024
12062805901182024
12062805901182024
12062805901182024
12062805901182024
12062805901182024
12062805901182024
12062805901182024
12062805901182024
12062805901182024
38021605900112024
92594205900312024
92594205900312024
92594205900312024
92594205900312024
92594205900312024
92594205900312024
92594205900312024
92594205900312024
92594205900312024
92594205900312024
92594205900312024
92594205900312024
92594205900312024
25445006900392024
92627705916312024
92627705916312024
92627705916312024
92627705916312024
92627705916312024
92627705916312024
92627705916312024
92627705916312024
92627705916312024
92627705916312024
92627705916312024
92627705916312024
92627705916312024
92627705916312024
92627705916312024
92627705916312024
12062805901182024
92628706901962024
92632906000212024
45016106009902024
15405407003352024
98692106901002024
98692106901002024
98692106901002024
98692106901002024
98692106901002024
98692106901002024
98692106901002024
98692106901002024
98692106901002024
98692106901002024
98692106901002024
12007205900212024
12007205900212024
12007205900212024
12007205900212024
12007205900212024
12007205900212024
12007205900212024
12007205900212024
12007205900212024
12007205900212024
12007205900212024
12007205900212024
12007205900212024
12007205900212024
12007205900212024
12007205900212024
12007205900212024
12007205900212024
12007205900212024
12007205900212024
12007205900212024
12007205900212024
12007205900212024
12007205900212024
12007205900212024
12007205900212024
92761706000022024
16024206900072024
15813307000032024
45318707000872024
98292905900032024
98292905900032024
98292905900032024
98292905900032024
09020106003802024
15303207001262024
15303207001262024
15303207001262024
15303207001262024
99010706002202024
98275705910022024
98275705910022024
98275705910022024
18017705900202024
18017705900202024
18017705900202024
18017705900202024
18017705900202024
18017705900202024
18017705900202024
18017705900202024
18017705900202024
18017705900202024
18017705900202024
18017705900202024
18017705900202024
18017705900202024
18017705900202024
18017705900202024
18017705900202024
18017705900202024
18017705900202024
18017705900202024
18017705900202024
18017705900202024
18017705900202024
18017705900202024
18017705900202024
18017705900202024
18017705900202024
18017705900202024
15306306010712024
15306306010712024
15306306010712024
15306306010712024
15306306010712024
15306306010712024
15306306010712024
15306306010712024
15306306010712024
15306306010712024
15306306010712024
15306306010712024
15306306010712024
15306306010712024
15306306010712024
15306306010712024
15306306010712024
10231906000482024
10231906000482024
10231906000482024
10231906000482024
10231906000482024
10231906000482024
10231906000482024
10231906000482024
10231906000482024
24010506900092024
98292905900032024
98647705902902024
92546806001032024
92546806001032024
98647705902372024
98647705902372024
98647705902372024
98647707001522024
98647707001522024
98647707001522024
98647707001522024
15483906900032024
99010707002212024
92510206902132024
15435807005122024
98647705902372024
08000907000872024
09003905900172024
09003905900172024
09003905900172024
92684906900172024
15814606900182024
15815405973002024
98647705902902024
98745305900502024
98030303000332024
15815106002112024
38026705900192024
12007205900212024
12007205900212024
12007205900212024
12007205900212024
12007205900212024
12007205900212024
98641107000942024
98705305900362024
38024605900122024
38024605900122024
38024605900122024
38024605900122024
39302706000122024
12007205900212024
12007205900212024
12007205900212024
12007205900212024
12007205900212024
12007205900212024
12007205900212024
12007205900212024
12007205900212024
12007205900212024
10214606952502024
10215005900902024
10215005900902024
18029806000472024
18029806000472024
18029806000472024
38024605900122024
38024605900122024
98705305900352024
98705305900352024
98705305900352024
98705305900352024
98705305900352024
98705305900352024
98705305900352024
98705305900352024
98705305900352024
98705305900352024
98705305900352024
98705305900352024
98705305900352024
93103805900322024
16014906900532024
16014906900532024
16014906900532024
16014906900532024
16014906900532024
16014906900532024
16014906900532024
16014906900532024
16014906900532024
16014906900532024
16014906900532024
12007205900212024
12007205900212024
12007205900212024
12007205900212024
09020305900132024
09020305900132024
09020305900132024
09020305900132024
15306307010732024
98705305900352024
18022305900362024
18022305900362024
92819406000112024
92819406000112024
92819406000112024
92819406000112024
09020305900132024
15404705900542024
15404705900542024
15888606900152024
15888606900152024
15888606900152024
98782305901002024
15404705900542024
15404705900542024
16021206900592024
10214306920312024
15306307010702024
92607906900202024
98647705902772024
98647705902772024
98647705902772024
98647705902772024
98647705902772024
08002107000492024
25310105901102024
25310105901102024
93140805900012024
98647705902772024
98647705902772024
38015206900312024
38015206900312024
38015206900312024
92761706000022024
38026705900192024
38026705900192024
38026705900192024
38026705900192024
38026705900192024
38026705900192024
38026705900192024
38026705900192024
38026705900192024
38026705900192024
38026705900192024
38026705900192024
38026705900192024
38026705900192024
19310405900052024
19310405900052024
19310405900052024
19310405900052024
98647705902902024
98745305900502024
38028106900362024
38028106900362024
38028106900362024
38028106900362024
38911306900272024
16040106900252023
16043606900242024
92697606000102024
38026705900192024
16800705900362024
93072107000242024
18038606900072024
93036505900242024
93036505900242024
93036505900242024
93036505900242024
93036505900242024
93036505900242024
93036505900242024
93036505900242024
93036505900242024
93036505900242024
93036505900242024
93036505900242024
93036505900242024
93036505900242024
93036505900242024
93036505900242024
93036505900242024
93036505900242024
93036505900242024
93036505900242024
93036505900242024
93036505900242024
08001005900552024
08001005900552024
08001005900552024
08001005900552024
08001005900552024
03000107000732024
03000107000732024
92705605900152024
92705605900152024
92705605900152024
92705605900152024
92705605900152024
92705605900152024
92705605900152024
92705605900152024
92705605900152024
92705605900152024
15406907001252025
92705605900152024
92705605900152024
38021705900262024
38021705900262024
38021705900262024
38021705900262024
17003805900042024
17003805900042024
07000307001472024
16043606900252024
08000207000772024
15200506900182024
15200506900182024
15200506900182024
15200506900182024
15200506900182024
15200506900182024
38021705900262024
38021705900262024
38021705900262024
38021705900262024
38021705900262024
38021705900262024
11240805900592024
11240805900592024
11240805900592024
11240805900592024
11240805900592024
